ID Cliente;Zona;País;Tipo de producto;ID Proveedor;Prioridad;Fecha pedido;ID Pedido;Fecha envío;Unidades;Precio Unitario;Coste unitario;Importe venta total;Importe Coste total
C0421;Europa;United Kingdom;Snacks;P0001;Crítica;12/10/2020;242113196;30/11/2020;5530;152.58 ;97.44 ;843767.40 ;538843.20 
C0908;Europa;Malta;Cárnicos;P0002;Alta;26/01/2020;190800607;28/01/2020;994;421.89 ;364.69 ;419358.66 ;362501.86 
C0652;Australia y Oceanía;Marshall Islands;Cereales;P0003;Crítica;9/11/2020;765228068;21/11/2020;6845;205.70 ;117.11 ;1408016.50 ;801617.95 
C0326;África;Iran;Frutas;P0004;Baja;21/08/2021;232631909;2/10/2021;9806;9.33 ;6.92 ;91489.98 ;67857.52 
C0305;Centroamérica y Caribe;Guatemala;Alimento infantil;P0005;Media;30/09/2022;530560958;12/11/2022;3633;255.28 ;159.42 ;927432.24 ;579172.86 
C0168;Centroamérica y Caribe;Grenada;Bebida;P0009;Baja;21/01/2022;516876542;21/02/2022;4110;47.45 ;31.79 ;195019.50 ;130656.90 
C0197;Australia y Oceanía;Fiji;Snacks;P0001;Media;17/02/2022;919752490;27/02/2022;4056;152.58 ;97.44 ;618864.48 ;395216.64 
C0876;África;Tunisia ;Cosméticos;P0006;Media;21/03/2020;287675130;7/05/2020;8319;437.20 ;263.33 ;3637066.80 ;2190642.27 
C0394;Centroamérica y Caribe;Grenada;Cuidado personal;P0007;Crítica;13/02/2021;839443290;1/04/2021;8779;81.73 ;56.67 ;717507.67 ;497505.93 
C0141;Australia y Oceanía;Australia;Material de oficina;P0008;Media;15/06/2021;814168298;12/07/2021;9347;651.21 ;524.96 ;6086859.87 ;4906801.12 
C0212;Norteamérica;Greenland;Cosméticos;P0006;Alta;15/07/2022;321273982;30/08/2022;966;437.20 ;263.33 ;422335.20 ;254376.78 
C0904;África;Angola;Snacks;P0001;Crítica;13/05/2020;890496671;5/06/2020;6609;152.58 ;97.44 ;1008401.22 ;643980.96 
C0218;África;Zambia;Bebida;P0009;Crítica;6/05/2021;521885192;22/05/2021;6281;47.45 ;31.79 ;298033.45 ;199672.99 
C0358;África;Kenya;Verduras;P0010;Alta;7/11/2020;435800874;25/12/2020;2018;154.06 ;90.93 ;310893.08 ;183496.74 
C0229;África;Azerbaijan;Frutas;P0004;Crítica;20/10/2021;122917544;17/11/2021;2888;9.33 ;6.92 ;26945.04 ;19984.96 
C0942;África;Mozambique;Cuidado personal;P0007;Crítica;21/10/2021;494221532;18/11/2021;9989;81.73 ;56.67 ;816400.97 ;566076.63 
C0310;Australia y Oceanía;Federated States of Micronesia;Cosméticos;P0006;Crítica;19/04/2020;731011664;30/04/2020;1451;437.20 ;263.33 ;634377.20 ;382091.83 
C0348;Centroamérica y Caribe;Dominican Republic;Snacks;P0001;Crítica;3/11/2022;534899270;4/11/2022;7436;152.58 ;97.44 ;1134584.88 ;724563.84 
C0778;África;Libya;Material de oficina;P0008;Alta;10/07/2022;577808177;22/07/2022;5135;651.21 ;524.96 ;3343963.35 ;2695669.60 
C0519;Asia;Uzbekistan;Material de oficina;P0008;Baja;1/06/2021;251974713;21/06/2021;3772;651.21 ;524.96 ;2456364.12 ;1980149.12 
C0199;Asia;Sri Lanka;Cuidado personal;P0007;Media;28/07/2020;819947707;5/09/2020;9602;81.73 ;56.67 ;784771.46 ;544145.34 
C0645;África;The Gambia;Cosméticos;P0006;Crítica;8/06/2021;464588487;25/07/2021;912;437.20 ;263.33 ;398726.40 ;240156.96 
C0390;Asia;Myanmar;Snacks;P0001;Media;26/07/2021;139070880;4/08/2021;3019;152.58 ;97.44 ;460639.02 ;294171.36 
C0168;Asia;Bhutan;Ropa;P0011;Crítica;15/10/2021;416881215;21/10/2021;3270;109.28 ;35.84 ;357345.60 ;117196.80 
C0418;África;Mali;Verduras;P0010;Crítica;23/11/2021;141818320;29/11/2021;6047;154.06 ;90.93 ;931600.82 ;549853.71 
C0779;África;Burundi;Cuidado personal;P0007;Alta;31/01/2022;477993524;12/03/2022;7761;81.73 ;56.67 ;634306.53 ;439815.87 
C0598;África;Libya;Ropa;P0011;Alta;11/07/2021;859830653;5/08/2021;1852;109.28 ;35.84 ;202386.56 ;66375.68 
C0420;África;Nigeria;Ropa;P0011;Crítica;26/08/2022;342066037;11/10/2022;3797;109.28 ;35.84 ;414936.16 ;136084.48 
C0497;Europa;Norway;Doméstico;P0012;Crítica;21/02/2021;749748504;16/03/2021;6098;668.27 ;502.54 ;4075110.46 ;3064488.92 
C0282;África;Kenya;Cosméticos;P0006;Media;30/08/2021;828239381;8/10/2021;3293;437.20 ;263.33 ;1439699.60 ;867145.69 
C0932;Australia y Oceanía;Papua New Guinea;Verduras;P0010;Alta;19/02/2022;293212497;9/03/2022;6948;154.06 ;90.93 ;1070408.88 ;631781.64 
C0806;Asia;North Korea;Cuidado personal;P0007;Baja;17/11/2020;280654180;2/01/2021;663;81.73 ;56.67 ;54186.99 ;37572.21 
C0968;Europa;Montenegro;Ropa;P0011;Media;25/11/2020;196863257;9/01/2021;5067;109.28 ;35.84 ;553721.76 ;181601.28 
C0684;Europa;Norway;Frutas;P0004;Alta;6/10/2022;868451058;8/10/2022;2822;9.33 ;6.92 ;26329.26 ;19528.24 
C0923;África;Lesotho;Ropa;P0011;Baja;7/04/2020;492341411;24/05/2020;3619;109.28 ;35.84 ;395484.32 ;129704.96 
C0857;Asia;Indonesia;Cárnicos;P0002;Alta;2/12/2021;485770642;15/12/2021;9183;421.89 ;364.69 ;3874215.87 ;3348948.27 
C0362;África;Iraq;Bebida;P0009;Alta;28/11/2020;536287581;28/12/2020;8268;47.45 ;31.79 ;392316.60 ;262839.72 
C0517;Asia;Singapore;Cereales;P0003;Crítica;3/04/2022;851753556;12/05/2022;1660;205.70 ;117.11 ;341462.00 ;194402.60 
C0103;Asia;South Korea;Verduras;P0010;Media;15/05/2021;810342395;31/05/2021;7177;154.06 ;90.93 ;1105688.62 ;652604.61 
C0105;África;Lebanon;Doméstico;P0012;Baja;26/08/2022;310540425;1/09/2022;4668;668.27 ;502.54 ;3119484.36 ;2345856.72 
C0211;Asia;Myanmar;Frutas;P0004;Alta;23/11/2020;221146476;31/12/2020;1011;9.33 ;6.92 ;9432.63 ;6996.12 
C0312;Asia;Vietnam;Ropa;P0011;Alta;23/09/2022;131271874;27/09/2022;5120;109.28 ;35.84 ;559513.60 ;183500.80 
C0003;África;Jordan;Frutas;P0004;Baja;25/04/2022;600340449;2/06/2022;2935;9.33 ;6.92 ;27383.55 ;20310.20 
C0080;Australia y Oceanía;Palau;Material de oficina;P0008;Baja;20/10/2022;908088529;22/11/2022;2430;651.21 ;524.96 ;1582440.30 ;1275652.80 
C0045;Centroamérica y Caribe;Antigua and Barbuda ;Cereales;P0003;Crítica;4/08/2020;404564940;28/08/2020;8611;205.70 ;117.11 ;1771282.70 ;1008434.21 
C0601;Australia y Oceanía;Papua New Guinea;Cuidado personal;P0007;Baja;21/01/2021;760131013;28/01/2021;8513;81.73 ;56.67 ;695767.49 ;482431.71 
C0154;Centroamérica y Caribe;El Salvador;Ropa;P0011;Media;2/11/2022;115460574;19/11/2022;6205;109.28 ;35.84 ;678082.40 ;222387.20 
C0315;África;Republic of the Congo;Bebida;P0009;Baja;8/02/2022;731539952;9/02/2022;7783;47.45 ;31.79 ;369303.35 ;247421.57 
C0396;Australia y Oceanía;Vanuatu;Cárnicos;P0002;Crítica;3/08/2022;439667975;21/09/2022;6379;421.89 ;364.69 ;2691236.31 ;2326357.51 
C0914;Asia;Bangladesh;Ropa;P0011;Baja;11/09/2022;291455972;16/09/2022;7154;109.28 ;35.84 ;781789.12 ;256399.36 
C0088;África;Burundi;Cereales;P0003;Baja;1/09/2022;508827769;13/09/2022;2299;205.70 ;117.11 ;472904.30 ;269235.89 
C0340;África;South Sudan;Verduras;P0010;Media;17/04/2020;934019696;7/05/2020;6039;154.06 ;90.93 ;930368.34 ;549126.27 
C0795;África;Mozambique;Bebida;P0009;Baja;25/11/2020;579580581;12/12/2020;9628;47.45 ;31.79 ;456848.60 ;306074.12 
C0783;Centroamérica y Caribe;Saint Kitts and Nevis ;Cárnicos;P0002;Crítica;27/08/2021;778371751;3/09/2021;6353;421.89 ;364.69 ;2680267.17 ;2316875.57 
C0335;África;Rwanda;Verduras;P0010;Media;16/07/2021;233567035;17/08/2021;6531;154.06 ;90.93 ;1006165.86 ;593863.83 
C0686;África;Rwanda;Bebida;P0009;Alta;24/10/2022;868652760;8/12/2022;2510;47.45 ;31.79 ;119099.50 ;79792.90 
C0774;Europa;Moldova ;Verduras;P0010;Baja;23/12/2020;177427756;31/01/2021;3671;154.06 ;90.93 ;565554.26 ;333804.03 
C0740;Europa;Austria;Cereales;P0003;Baja;10/07/2020;674003350;30/07/2020;1424;205.70 ;117.11 ;292916.80 ;166764.64 
C0428;Europa;Spain;Ropa;P0011;Baja;16/01/2022;442803370;18/02/2022;4212;109.28 ;35.84 ;460287.36 ;150958.08 
C0885;Asia;China;Alimento infantil;P0005;Crítica;27/10/2020;788564145;1/12/2020;2509;255.28 ;159.42 ;640497.52 ;399984.78 
C0863;África;Qatar;Cosméticos;P0006;Media;21/07/2022;386334502;11/08/2022;3819;437.20 ;263.33 ;1669666.80 ;1005657.27 
C0314;Europa;Georgia;Cuidado personal;P0007;Crítica;22/11/2021;231475770;23/11/2021;7679;81.73 ;56.67 ;627604.67 ;435168.93 
C0896;Asia;Kazakhstan;Doméstico;P0012;Media;18/01/2021;489661777;11/02/2021;656;668.27 ;502.54 ;438385.12 ;329666.24 
C0468;África;Namibia;Cuidado personal;P0007;Baja;18/08/2022;946878850;5/10/2022;1348;81.73 ;56.67 ;110172.04 ;76391.16 
C0594;Centroamérica y Caribe;Jamaica;Cárnicos;P0002;Baja;1/07/2022;559425818;23/07/2022;5386;421.89 ;364.69 ;2272299.54 ;1964220.34 
C0039;África;Syria;Verduras;P0010;Media;22/08/2022;603914010;1/09/2022;431;154.06 ;90.93 ;66399.86 ;39190.83 
C0272;África;Tanzania;Frutas;P0004;Crítica;24/02/2021;627267253;8/03/2021;1174;9.33 ;6.92 ;10953.42 ;8124.08 
C0967;África;Angola;Alimento infantil;P0005;Alta;1/04/2022;696721875;12/05/2022;4340;255.28 ;159.42 ;1107915.20 ;691882.80 
C0498;Asia;China;Cuidado personal;P0007;Baja;18/07/2020;949826705;6/09/2020;3684;81.73 ;56.67 ;301093.32 ;208772.28 
C0444;Europa;Hungary;Cuidado personal;P0007;Baja;30/06/2022;244443070;3/07/2022;4991;81.73 ;56.67 ;407914.43 ;282839.97 
C0087;Europa;Norway;Doméstico;P0012;Alta;29/01/2022;208744800;3/02/2022;1080;668.27 ;502.54 ;721731.60 ;542743.20 
C0912;Australia y Oceanía;Australia;Cárnicos;P0002;Crítica;9/04/2022;291218221;2/05/2022;6798;421.89 ;364.69 ;2868008.22 ;2479162.62 
C0106;África;Nigeria;Doméstico;P0012;Media;22/02/2022;910662162;5/03/2022;4025;668.27 ;502.54 ;2689786.75 ;2022723.50 
C0061;Asia;Thailand;Material de oficina;P0008;Media;9/03/2021;306187951;17/04/2021;6674;651.21 ;524.96 ;4346175.54 ;3503583.04 
C0872;Asia;Taiwan;Frutas;P0004;Alta;16/09/2020;387219417;27/09/2020;5685;9.33 ;6.92 ;53041.05 ;39340.20 
C0834;Asia;India;Verduras;P0010;Baja;5/06/2022;883492887;5/06/2022;4033;154.06 ;90.93 ;621323.98 ;366720.69 
C0950;Europa;Romania;Bebida;P0009;Baja;24/04/2021;695057189;8/05/2021;1723;47.45 ;31.79 ;81756.35 ;54774.17 
C0422;Australia y Oceanía;East Timor;Cosméticos;P0006;Baja;23/04/2021;142273652;16/05/2021;790;437.20 ;263.33 ;345388.00 ;208030.70 
C0158;Europa;Bosnia and Herzegovina;Cereales;P0003;Baja;28/06/2022;515816104;6/08/2022;303;205.70 ;117.11 ;62327.10 ;35484.33 
C0266;Europa;Ireland;Cuidado personal;P0007;Baja;14/06/2022;926670873;17/07/2022;1359;81.73 ;56.67 ;111071.07 ;77014.53 
C0561;Europa;Croatia;Doméstico;P0012;Baja;19/08/2020;556136786;5/09/2020;2089;668.27 ;502.54 ;1396016.03 ;1049806.06 
C0058;África;Iraq;Alimento infantil;P0005;Baja;6/08/2022;905825173;22/08/2022;2653;255.28 ;159.42 ;677257.84 ;422941.26 
C0476;Europa;Malta;Material de oficina;P0008;Crítica;7/06/2021;847659862;22/07/2021;245;651.21 ;524.96 ;159546.45 ;128615.20 
C0738;Europa;Ireland;Cárnicos;P0002;Baja;26/01/2022;673877179;21/02/2022;4087;421.89 ;364.69 ;1724264.43 ;1490488.03 
C0470;África;Madagascar;Alimento infantil;P0005;Baja;14/09/2022;747025954;12/10/2022;435;255.28 ;159.42 ;111046.80 ;69347.70 
C0499;Europa;Austria;Cosméticos;P0006;Media;1/12/2021;149967515;27/12/2021;7575;437.20 ;263.33 ;3311790.00 ;1994724.75 
C0358;África;Sierra Leone;Cuidado personal;P0007;Crítica;17/02/2020;735875689;25/03/2020;824;81.73 ;56.67 ;67345.52 ;46696.08 
C0782;Europa;Netherlands;Material de oficina;P0008;Crítica;9/01/2021;378236806;18/02/2021;7531;651.21 ;524.96 ;4904262.51 ;3953473.76 
C0208;Europa;Croatia;Cosméticos;P0006;Alta;15/07/2021;620849692;18/07/2021;2075;437.20 ;263.33 ;907190.00 ;546409.75 
C0278;Centroamérica y Caribe;Trinidad and Tobago;Snacks;P0001;Baja;11/11/2021;827825677;19/11/2021;869;152.58 ;97.44 ;132592.02 ;84675.36 
C0335;Asia;South Korea;Doméstico;P0012;Crítica;5/03/2021;433588588;28/03/2021;7353;668.27 ;502.54 ;4913789.31 ;3695176.62 
C0928;Australia y Oceanía;Samoa ;Cárnicos;P0002;Alta;24/11/2021;292874753;25/12/2021;7003;421.89 ;364.69 ;2954495.67 ;2553924.07 
C0307;Europa;Albania;Material de oficina;P0008;Baja;31/07/2022;430733001;2/08/2022;2322;651.21 ;524.96 ;1512109.62 ;1218957.12 
C0925;África;Cape Verde;Frutas;P0004;Media;3/03/2022;492524659;25/03/2022;7846;9.33 ;6.92 ;73203.18 ;54294.32 
C0939;Europa;Italy;Bebida;P0009;Baja;9/06/2021;193923556;20/06/2021;5145;47.45 ;31.79 ;244130.25 ;163559.55 
C0709;Europa;Hungary;Bebida;P0009;Baja;26/07/2021;670916020;2/08/2021;7815;47.45 ;31.79 ;370821.75 ;248438.85 
C0298;Asia;Maldives;Alimento infantil;P0005;Crítica;17/09/2022;429800879;19/10/2022;6486;255.28 ;159.42 ;1655746.08 ;1033998.12 
C0971;África;Mali;Doméstico;P0012;Alta;25/07/2022;297189462;19/08/2022;3821;668.27 ;502.54 ;2553459.67 ;1920205.34 
C0700;África;Yemen;Cuidado personal;P0007;Media;26/08/2020;270005595;4/09/2020;9511;81.73 ;56.67 ;777334.03 ;538988.37 
C0654;Asia;North Korea;Snacks;P0001;Baja;15/08/2022;865485608;10/09/2022;5279;152.58 ;97.44 ;805469.82 ;514385.76 
C0711;Asia;Uzbekistan;Cereales;P0003;Alta;28/08/2021;871178328;28/08/2021;9882;205.70 ;117.11 ;2032727.40 ;1157281.02 
C0949;Europa;Latvia;Verduras;P0010;Baja;12/10/2022;494945085;6/11/2022;4104;154.06 ;90.93 ;632262.24 ;373176.72 
C0149;Asia;Singapore;Snacks;P0001;Crítica;29/05/2021;914959704;24/06/2021;5764;152.58 ;97.44 ;879471.12 ;561644.16 
C0297;Europa;Lithuania;Doméstico;P0012;Baja;7/12/2021;229708516;23/01/2022;4709;668.27 ;502.54 ;3146883.43 ;2366460.86 
C0079;África;Senegal;Bebida;P0009;Alta;4/01/2022;207990348;20/01/2022;7821;47.45 ;31.79 ;371106.45 ;248629.59 
C0389;África;South Sudan;Verduras;P0010;Crítica;20/07/2022;438916528;18/08/2022;4009;154.06 ;90.93 ;617626.54 ;364538.37 
C0819;Europa;Bulgaria;Alimento infantil;P0005;Alta;30/07/2020;581910884;16/08/2020;9217;255.28 ;159.42 ;2352915.76 ;1469374.14 
C0167;África;Seychelles ;Cárnicos;P0002;Alta;4/02/2022;816709744;1/03/2022;1417;421.89 ;364.69 ;597818.13 ;516765.73 
C0933;Centroamérica y Caribe;Saint Kitts and Nevis ;Doméstico;P0012;Alta;24/08/2020;493361937;29/09/2020;5616;668.27 ;502.54 ;3753004.32 ;2822264.64 
C0822;Centroamérica y Caribe;Saint Vincent and the Grenadines;Alimento infantil;P0005;Alta;10/08/2021;382228791;26/09/2021;8848;255.28 ;159.42 ;2258717.44 ;1410548.16 
C0239;Europa;Andorra;Cosméticos;P0006;Baja;2/10/2020;423984134;14/11/2020;5182;437.20 ;263.33 ;2265570.40 ;1364576.06 
C0796;África;Mali;Cárnicos;P0002;Crítica;3/11/2022;179614293;23/11/2022;716;421.89 ;364.69 ;302073.24 ;261118.04 
C0804;África;Togo;Cuidado personal;P0007;Media;26/02/2020;180418097;15/03/2020;8579;81.73 ;56.67 ;701161.67 ;486171.93 
C0780;Asia;Thailand;Cárnicos;P0002;Alta;17/07/2022;578006875;21/08/2022;3934;421.89 ;364.69 ;1659715.26 ;1434690.46 
C0943;Europa;Moldova ;Doméstico;P0012;Alta;1/09/2021;694304454;9/09/2021;8972;668.27 ;502.54 ;5995718.44 ;4508788.88 
C0715;Centroamérica y Caribe;Trinidad and Tobago;Alimento infantil;P0005;Alta;14/01/2021;371547162;23/02/2021;7917;255.28 ;159.42 ;2021051.76 ;1262128.14 
C0222;Asia;Japan;Bebida;P0009;Media;6/04/2020;422283828;26/04/2020;2024;47.45 ;31.79 ;96038.80 ;64342.96 
C0793;África;Central African Republic;Cereales;P0003;Crítica;23/03/2022;379375779;23/03/2022;4578;205.70 ;117.11 ;941694.60 ;536129.58 
C0459;África;Azerbaijan;Cuidado personal;P0007;Baja;11/03/2020;745996844;3/04/2020;5899;81.73 ;56.67 ;482125.27 ;334296.33 
C0456;África;Mauritania;Frutas;P0004;Baja;20/02/2022;745633351;3/04/2022;8333;9.33 ;6.92 ;77746.89 ;57664.36 
C0720;Europa;Portugal;Snacks;P0001;Media;16/09/2020;572084128;5/11/2020;1261;152.58 ;97.44 ;192403.38 ;122871.84 
C0394;África;Liberia;Bebida;P0009;Baja;22/05/2020;939460504;24/05/2020;6095;47.45 ;31.79 ;289207.75 ;193760.05 
C0321;África;South Sudan;Frutas;P0004;Alta;12/10/2021;832186305;26/11/2021;1276;9.33 ;6.92 ;11905.08 ;8829.92 
C0549;África;Cameroon;Frutas;P0004;Baja;28/02/2020;654997861;2/04/2020;7277;9.33 ;6.92 ;67894.41 ;50356.84 
C0829;Centroamérica y Caribe;Cuba;Cárnicos;P0002;Baja;23/03/2021;882943999;7/04/2021;1605;421.89 ;364.69 ;677133.45 ;585327.45 
C0113;África;Malawi;Frutas;P0004;Baja;27/06/2022;711386048;15/08/2022;3795;9.33 ;6.92 ;35407.35 ;26261.40 
C0059;Australia y Oceanía;Tuvalu;Bebida;P0009;Baja;9/06/2020;305997836;10/07/2020;415;47.45 ;31.79 ;19691.75 ;13192.85 
C0527;África;Burundi;Cárnicos;P0002;Alta;19/07/2020;352765691;11/08/2020;62;421.89 ;364.69 ;26157.18 ;22610.78 
C0079;África;Liberia;Verduras;P0010;Crítica;15/07/2021;707988440;8/08/2021;8367;154.06 ;90.93 ;1289020.02 ;760811.31 
C0482;Asia;Turkmenistan;Verduras;P0010;Media;13/07/2022;848277413;29/08/2022;2992;154.06 ;90.93 ;460947.52 ;272062.56 
C0205;África;Uganda;Doméstico;P0012;Media;16/08/2021;320556437;25/09/2021;8628;668.27 ;502.54 ;5765833.56 ;4335915.12 
C0920;África;Lebanon;Alimento infantil;P0005;Alta;6/03/2020;992061841;24/03/2020;1999;255.28 ;159.42 ;510304.72 ;318680.58 
C0003;Europa;Switzerland;Material de oficina;P0008;Media;20/05/2021;300342452;24/06/2021;6861;651.21 ;524.96 ;4467951.81 ;3601750.56 
C0032;África;Kuwait;Verduras;P0010;Alta;2/04/2020;703259599;5/04/2020;8998;154.06 ;90.93 ;1386231.88 ;818188.14 
C0289;Asia;India;Ropa;P0011;Alta;17/03/2022;228987109;14/04/2022;1229;109.28 ;35.84 ;134305.12 ;44047.36 
C0260;África;Angola;Cereales;P0003;Crítica;22/08/2021;126011312;18/09/2021;8402;205.70 ;117.11 ;1728291.40 ;983958.22 
C0131;Asia;Uzbekistan;Bebida;P0009;Crítica;28/06/2020;813131034;1/07/2020;2397;47.45 ;31.79 ;113737.65 ;76200.63 
C0294;Europa;Latvia;Cuidado personal;P0007;Crítica;5/02/2021;529457604;5/03/2021;7126;81.73 ;56.67 ;582407.98 ;403830.42 
C0844;África;Ghana;Cárnicos;P0002;Media;2/12/2021;284414851;7/12/2021;3530;421.89 ;364.69 ;1489271.70 ;1287355.70 
C0077;Europa;Poland;Bebida;P0009;Crítica;22/10/2021;707739102;28/10/2021;4583;47.45 ;31.79 ;217463.35 ;145693.57 
C0994;Asia;Mongolia;Cosméticos;P0006;Baja;15/06/2021;699479186;25/07/2021;290;437.20 ;263.33 ;126788.00 ;76365.70 
C0799;Asia;Vietnam;Cereales;P0003;Crítica;13/12/2021;579996430;9/01/2022;2687;205.70 ;117.11 ;552715.90 ;314674.57 
C0399;Europa;United Kingdom;Cereales;P0003;Baja;29/06/2020;739964663;27/07/2020;842;205.70 ;117.11 ;173199.40 ;98606.62 
C0903;Australia y Oceanía;Vanuatu;Ropa;P0011;Baja;31/05/2020;290370213;15/06/2020;5854;109.28 ;35.84 ;639725.12 ;209807.36 
C0125;África;Ethiopia;Frutas;P0004;Baja;22/02/2021;212511909;22/02/2021;5851;9.33 ;6.92 ;54589.83 ;40488.92 
C0080;África;Niger;Frutas;P0004;Crítica;13/07/2022;208001077;22/07/2022;996;9.33 ;6.92 ;9292.68 ;6892.32 
C0487;África;Central African Republic;Cuidado personal;P0007;Alta;9/07/2020;948761546;13/07/2020;8480;81.73 ;56.67 ;693070.40 ;480561.60 
C0270;África;Cape Verde;Snacks;P0001;Crítica;18/01/2020;927029645;29/01/2020;7527;152.58 ;97.44 ;1148469.66 ;733430.88 
C0053;Norteamérica;United States of America;Cuidado personal;P0007;Crítica;26/02/2022;505354201;12/04/2022;4393;81.73 ;56.67 ;359039.89 ;248951.31 
C0665;África;Sudan;Frutas;P0004;Crítica;30/07/2022;566596543;1/09/2022;7363;9.33 ;6.92 ;68696.79 ;50951.96 
C0639;África;Republic of the Congo;Material de oficina;P0008;Crítica;24/09/2021;263930499;5/11/2021;1755;651.21 ;524.96 ;1142873.55 ;921304.80 
C0708;Australia y Oceanía;Federated States of Micronesia;Frutas;P0004;Crítica;10/06/2020;170842397;10/06/2020;4917;9.33 ;6.92 ;45875.61 ;34025.64 
C0311;África;South Sudan;Frutas;P0004;Baja;10/05/2021;931131064;7/06/2021;1229;9.33 ;6.92 ;11466.57 ;8504.68 
C0089;África;Cape Verde;Frutas;P0004;Media;27/10/2021;108907830;31/10/2021;7102;9.33 ;6.92 ;66261.66 ;49145.84 
C0385;Australia y Oceanía;Palau;Doméstico;P0012;Alta;31/12/2020;738596522;18/02/2021;5979;668.27 ;502.54 ;3995586.33 ;3004686.66 
C0749;África;Bahrain;Material de oficina;P0008;Baja;29/04/2021;974933469;12/06/2021;3333;651.21 ;524.96 ;2170482.93 ;1749691.68 
C0429;África;Algeria;Material de oficina;P0008;Media;4/05/2021;842967498;14/05/2021;1670;651.21 ;524.96 ;1087520.70 ;876683.20 
C0880;África;Botswana;Cuidado personal;P0007;Crítica;7/11/2022;888059937;10/12/2022;5525;81.73 ;56.67 ;451558.25 ;313101.75 
C0258;África;Seychelles ;Doméstico;P0012;Media;1/12/2020;825884616;3/01/2021;6466;668.27 ;502.54 ;4321033.82 ;3249423.64 
C0924;África;The Gambia;Material de oficina;P0008;Alta;8/06/2022;892427861;25/07/2022;8091;651.21 ;524.96 ;5268940.11 ;4247451.36 
C0939;África;Guinea-Bissau;Material de oficina;P0008;Baja;2/11/2021;493988502;21/12/2021;1030;651.21 ;524.96 ;670746.30 ;540708.80 
C0571;África;Pakistan;Verduras;P0010;Baja;17/07/2022;457177865;11/08/2022;7945;154.06 ;90.93 ;1224006.70 ;722438.85 
C0789;África;Mauritania;Cárnicos;P0002;Media;19/03/2021;778919780;20/03/2021;8527;421.89 ;364.69 ;3597456.03 ;3109711.63 
C0764;Asia;Thailand;Material de oficina;P0008;Alta;22/08/2020;176450574;8/09/2020;4501;651.21 ;524.96 ;2931096.21 ;2362844.96 
C0373;África;Afghanistan;Cárnicos;P0002;Media;1/08/2022;137319076;20/09/2022;4621;421.89 ;364.69 ;1949553.69 ;1685232.49 
C0693;África;The Gambia;Ropa;P0011;Baja;17/08/2020;869386613;25/09/2020;9673;109.28 ;35.84 ;1057065.44 ;346680.32 
C0508;África;Oman;Cárnicos;P0002;Baja;16/08/2021;850827014;29/08/2021;7476;421.89 ;364.69 ;3154049.64 ;2726422.44 
C0801;África;Burkina Faso;Snacks;P0001;Alta;24/05/2021;880126607;7/06/2021;7876;152.58 ;97.44 ;1201720.08 ;767437.44 
C0260;África;Cameroon;Ropa;P0011;Media;12/06/2020;926084220;5/07/2020;7755;109.28 ;35.84 ;847466.40 ;277939.20 
C0778;África;Burkina Faso;Cereales;P0003;Alta;21/07/2022;577811181;23/08/2022;6024;205.70 ;117.11 ;1239136.80 ;705470.64 
C0947;Europa;Serbia;Snacks;P0001;Alta;17/11/2021;394731318;12/12/2021;8624;152.58 ;97.44 ;1315849.92 ;840322.56 
C0565;África;Mauritius ;Doméstico;P0012;Crítica;26/07/2021;556580960;9/09/2021;3529;668.27 ;502.54 ;2358324.83 ;1773463.66 
C0134;África;Liberia;Material de oficina;P0008;Crítica;17/11/2020;413408935;13/12/2020;5745;651.21 ;524.96 ;3741201.45 ;3015895.20 
C0355;Europa;Latvia;Cuidado personal;P0007;Crítica;3/05/2022;735576570;17/05/2022;2308;81.73 ;56.67 ;188632.84 ;130794.36 
C0637;Asia;China;Ropa;P0011;Media;16/09/2021;563757693;1/11/2021;7284;109.28 ;35.84 ;795995.52 ;261058.56 
C0589;Australia y Oceanía;New Zealand;Verduras;P0010;Baja;22/11/2020;358938634;9/12/2020;6773;154.06 ;90.93 ;1043448.38 ;615868.89 
C0524;África;Sierra Leone;Snacks;P0001;Crítica;3/10/2020;652418220;19/10/2020;3904;152.58 ;97.44 ;595672.32 ;380405.76 
C0958;Europa;Bulgaria;Material de oficina;P0008;Crítica;26/07/2022;695807778;6/09/2022;3839;651.21 ;524.96 ;2499995.19 ;2015321.44 
C0110;África;Somalia;Material de oficina;P0008;Crítica;5/11/2020;711031138;7/12/2020;8769;651.21 ;524.96 ;5710460.49 ;4603374.24 
C0403;Europa;Spain;Bebida;P0009;Alta;17/12/2021;540324628;25/01/2022;2919;47.45 ;31.79 ;138506.55 ;92795.01 
C0962;Europa;Cyprus;Cereales;P0003;Media;31/08/2022;996237075;31/08/2022;7544;205.70 ;117.11 ;1551800.80 ;883477.84 
C0116;África;Namibia;Ropa;P0011;Media;12/02/2020;711629807;5/03/2020;5929;109.28 ;35.84 ;647921.12 ;212495.36 
C0896;Norteamérica;Greenland;Cereales;P0003;Alta;19/11/2021;189676654;1/01/2022;8392;205.70 ;117.11 ;1726234.40 ;982787.12 
C0538;África;Rwanda;Doméstico;P0012;Baja;23/08/2021;453863942;9/09/2021;7281;668.27 ;502.54 ;4865673.87 ;3658993.74 
C0979;Centroamérica y Caribe;The Bahamas;Material de oficina;P0008;Baja;14/08/2020;797990500;22/09/2020;1977;651.21 ;524.96 ;1287442.17 ;1037845.92 
C0361;Europa;Germany;Bebida;P0009;Alta;8/06/2020;136167657;21/06/2020;3890;47.45 ;31.79 ;184580.50 ;123663.10 
C0528;Europa;Cyprus;Bebida;P0009;Crítica;11/09/2021;152819240;16/10/2021;1464;47.45 ;31.79 ;69466.80 ;46540.56 
C0526;Europa;Luxembourg;Snacks;P0001;Crítica;15/07/2022;352681577;25/07/2022;5171;152.58 ;97.44 ;788991.18 ;503862.24 
C0108;Australia y Oceanía;Tuvalu;Cereales;P0003;Alta;27/01/2020;310803496;4/03/2020;2516;205.70 ;117.11 ;517541.20 ;294648.76 
C0225;Europa;Bulgaria;Cosméticos;P0006;Baja;26/05/2020;122546327;18/06/2020;3036;437.20 ;263.33 ;1327339.20 ;799469.88 
C0535;Asia;Bangladesh;Frutas;P0004;Alta;4/01/2020;853583896;20/01/2020;3298;9.33 ;6.92 ;30770.34 ;22822.16 
C0899;Centroamérica y Caribe;El Salvador;Cuidado personal;P0007;Alta;4/07/2021;489902532;31/07/2021;1901;81.73 ;56.67 ;155368.73 ;107729.67 
C0878;Asia;China;Verduras;P0010;Media;2/10/2020;687801063;6/10/2020;4474;154.06 ;90.93 ;689264.44 ;406820.82 
C0238;Asia;Mongolia;Cárnicos;P0002;Media;7/08/2022;923890817;17/08/2022;8678;421.89 ;364.69 ;3661161.42 ;3164779.82 
C0450;Australia y Oceanía;Solomon Islands;Frutas;P0004;Alta;11/04/2022;745095622;27/05/2022;9207;9.33 ;6.92 ;85901.31 ;63712.44 
C0186;África;Mauritania;Cosméticos;P0006;Baja;23/02/2021;218651807;19/03/2021;2783;437.20 ;263.33 ;1216727.60 ;732847.39 
C0821;Asia;South Korea;Verduras;P0010;Media;26/05/2022;382108199;13/07/2022;3162;154.06 ;90.93 ;487137.72 ;287520.66 
C0933;Asia;Myanmar;Material de oficina;P0008;Baja;17/01/2021;993326127;18/02/2021;6130;651.21 ;524.96 ;3991917.30 ;3218004.80 
C0804;África;Botswana;Cereales;P0003;Baja;7/07/2022;980479419;6/08/2022;4503;205.70 ;117.11 ;926267.10 ;527346.33 
C0920;Europa;Portugal;Snacks;P0001;Crítica;11/03/2021;692054402;20/03/2021;3131;152.58 ;97.44 ;477727.98 ;305084.64 
C0468;Europa;Spain;Verduras;P0010;Crítica;16/11/2021;546849906;11/12/2021;3894;154.06 ;90.93 ;599909.64 ;354081.42 
C0839;África;Cote d'Ivoire;Bebida;P0009;Baja;11/03/2021;583977258;25/04/2021;703;47.45 ;31.79 ;33357.35 ;22348.37 
C0128;Europa;Russia;Alimento infantil;P0005;Crítica;13/06/2020;912860286;10/07/2020;4499;255.28 ;159.42 ;1148504.72 ;717230.58 
C0632;Australia y Oceanía;Federated States of Micronesia;Ropa;P0011;Media;15/05/2021;363235318;25/06/2021;8257;109.28 ;35.84 ;902324.96 ;295930.88 
C0351;África;The Gambia;Cárnicos;P0002;Alta;11/10/2021;535151183;24/11/2021;1982;421.89 ;364.69 ;836185.98 ;722815.58 
C0489;Europa;Luxembourg;Frutas;P0004;Alta;7/10/2022;848969209;15/10/2022;7710;9.33 ;6.92 ;71934.30 ;53353.20 
C0953;África;Liberia;Frutas;P0004;Crítica;15/07/2021;795363223;30/08/2021;4507;9.33 ;6.92 ;42050.31 ;31188.44 
C0853;África;Burundi;Cosméticos;P0006;Crítica;1/06/2021;385319554;27/06/2021;3474;437.20 ;263.33 ;1518832.80 ;914808.42 
C0001;África;Syria;Cereales;P0003;Alta;2/11/2021;600137031;15/11/2021;2739;205.70 ;117.11 ;563412.30 ;320764.29 
C0414;Norteamérica;United States of America;Ropa;P0011;Alta;24/08/2022;241426980;24/09/2022;2463;109.28 ;35.84 ;269156.64 ;88273.92 
C0811;Asia;Japan;Alimento infantil;P0005;Baja;24/08/2022;881113231;5/10/2022;9840;255.28 ;159.42 ;2511955.20 ;1568692.80 
C0114;Asia;Laos;Frutas;P0004;Baja;22/01/2021;111432111;14/02/2021;4093;9.33 ;6.92 ;38187.69 ;28323.56 
C0949;Europa;Germany;Verduras;P0010;Crítica;14/10/2021;994932448;23/11/2021;1476;154.06 ;90.93 ;227392.56 ;134212.68 
C0144;Norteamérica;Greenland;Cuidado personal;P0007;Crítica;23/07/2020;814475572;10/08/2020;276;81.73 ;56.67 ;22557.48 ;15640.92 
C0232;Centroamérica y Caribe;Jamaica;Cárnicos;P0002;Alta;26/08/2020;523235309;20/09/2020;5810;421.89 ;364.69 ;2451180.90 ;2118848.90 
C0946;Europa;Switzerland;Verduras;P0010;Media;13/01/2020;694697988;23/02/2020;5427;154.06 ;90.93 ;836083.62 ;493477.11 
C0726;Europa;Sweden;Material de oficina;P0008;Media;10/05/2021;172662436;10/06/2021;3507;651.21 ;524.96 ;2283793.47 ;1841034.72 
C0212;África;Liberia;Bebida;P0009;Media;15/12/2021;121239984;13/01/2022;6460;47.45 ;31.79 ;306527.00 ;205363.40 
C0748;Australia y Oceanía;Kiribati;Alimento infantil;P0005;Media;2/01/2021;874854457;4/01/2021;7730;255.28 ;159.42 ;1973314.40 ;1232316.60 
C0882;Europa;Malta;Cárnicos;P0002;Media;6/12/2020;588242185;10/01/2021;2789;421.89 ;364.69 ;1176651.21 ;1017120.41 
C0864;Asia;Philippines;Cuidado personal;P0007;Baja;12/04/2020;186451995;29/05/2020;4144;81.73 ;56.67 ;338689.12 ;234840.48 
C0148;África;Comoros;Alimento infantil;P0005;Baja;8/11/2020;214845216;29/11/2020;6329;255.28 ;159.42 ;1615667.12 ;1008969.18 
C0890;Europa;Liechtenstein;Doméstico;P0012;Baja;29/07/2020;389095675;30/08/2020;912;668.27 ;502.54 ;609462.24 ;458316.48 
C0451;África;Lebanon;Cereales;P0003;Baja;15/08/2020;945189702;29/08/2020;1492;205.70 ;117.11 ;306904.40 ;174728.12 
C0894;Norteamérica;Greenland;Cereales;P0003;Crítica;22/02/2021;389426124;5/04/2021;8699;205.70 ;117.11 ;1789384.30 ;1018739.89 
C0484;África;Chad;Cereales;P0003;Media;13/09/2022;448416268;15/09/2022;5193;205.70 ;117.11 ;1068200.10 ;608152.23 
C0190;Europa;Macedonia;Doméstico;P0012;Baja;15/12/2021;219083964;5/01/2022;668;668.27 ;502.54 ;446404.36 ;335696.72 
C0186;África;United Arab Emirates;Cosméticos;P0006;Alta;12/09/2021;218665540;19/10/2021;6847;437.20 ;263.33 ;2993508.40 ;1803020.51 
C0347;África;Qatar;Cereales;P0003;Alta;29/10/2020;134709823;25/11/2020;2485;205.70 ;117.11 ;511164.50 ;291018.35 
C0750;África;Iraq;Verduras;P0010;Alta;5/07/2021;175078141;5/08/2021;8367;154.06 ;90.93 ;1289020.02 ;760811.31 
C0179;Europa;Kosovo;Material de oficina;P0008;Baja;7/01/2022;617944324;4/02/2022;2312;651.21 ;524.96 ;1505597.52 ;1213707.52 
C0617;Asia;Bhutan;Cosméticos;P0006;Crítica;12/01/2021;461794698;22/01/2021;4168;437.20 ;263.33 ;1822249.60 ;1097559.44 
C0754;Centroamérica y Caribe;Cuba;Ropa;P0011;Alta;2/12/2021;575428092;10/12/2021;815;109.28 ;35.84 ;89063.20 ;29209.60 
C0479;Norteamérica;Mexico;Alimento infantil;P0005;Media;25/09/2022;547955834;9/10/2022;1163;255.28 ;159.42 ;296890.64 ;185405.46 
C0388;África;Cote d'Ivoire;Bebida;P0009;Media;1/07/2020;938801753;12/07/2020;1156;47.45 ;31.79 ;54852.20 ;36749.24 
C0277;África;Nigeria;Cereales;P0003;Alta;20/03/2021;127702176;2/05/2021;8767;205.70 ;117.11 ;1803371.90 ;1026703.37 
C0647;Australia y Oceanía;Vanuatu;Material de oficina;P0008;Alta;17/04/2021;164705932;31/05/2021;9000;651.21 ;524.96 ;5860890.00 ;4724640.00 
C0201;África;Kuwait;Verduras;P0010;Baja;20/05/2020;920174348;30/05/2020;8893;154.06 ;90.93 ;1370055.58 ;808640.49 
C0347;África;Namibia;Cárnicos;P0002;Media;3/11/2022;534781253;30/11/2022;2512;421.89 ;364.69 ;1059787.68 ;916101.28 
C0695;África;Egypt;Verduras;P0010;Baja;25/12/2021;369512975;5/02/2022;5955;154.06 ;90.93 ;917427.30 ;541488.15 
C0556;África;Swaziland;Frutas;P0004;Crítica;15/07/2021;955668342;26/08/2021;2354;9.33 ;6.92 ;21962.82 ;16289.68 
C0448;Centroamérica y Caribe;Antigua and Barbuda ;Cárnicos;P0002;Crítica;8/10/2022;644858682;4/11/2022;6869;421.89 ;364.69 ;2897962.41 ;2505055.61 
C0590;Asia;Sri Lanka;Verduras;P0010;Alta;15/03/2020;559007823;18/04/2020;1692;154.06 ;90.93 ;260669.52 ;153853.56 
C0403;Europa;Liechtenstein;Bebida;P0009;Media;15/03/2020;540352094;30/03/2020;1047;47.45 ;31.79 ;49680.15 ;33284.13 
C0014;África;Angola;Material de oficina;P0008;Crítica;20/05/2022;501440322;30/05/2022;6189;651.21 ;524.96 ;4030338.69 ;3248977.44 
C0751;Asia;Brunei;Doméstico;P0012;Crítica;16/01/2021;875133836;6/02/2021;404;668.27 ;502.54 ;269981.08 ;203026.16 
C0646;Australia y Oceanía;Samoa ;Ropa;P0011;Crítica;23/11/2020;364606463;2/01/2021;4010;109.28 ;35.84 ;438212.80 ;143718.40 
C0933;Australia y Oceanía;Marshall Islands;Frutas;P0004;Baja;30/04/2021;893344533;20/05/2021;9354;9.33 ;6.92 ;87272.82 ;64729.68 
C0551;África;Democratic Republic of the Congo;Frutas;P0004;Crítica;15/09/2020;855146872;20/09/2020;5818;9.33 ;6.92 ;54281.94 ;40260.56 
C0641;Australia y Oceanía;Tonga;Cosméticos;P0006;Crítica;30/08/2020;964124810;31/08/2020;4811;437.20 ;263.33 ;2103369.20 ;1266880.63 
C0047;África;Mozambique;Snacks;P0001;Crítica;15/10/2021;204702174;17/10/2021;4777;152.58 ;97.44 ;728874.66 ;465470.88 
C0816;África;Kuwait;Cárnicos;P0002;Media;25/03/2022;781615293;10/04/2022;6189;421.89 ;364.69 ;2611077.21 ;2257066.41 
C0699;Europa;Romania;Bebida;P0009;Alta;16/12/2021;469912993;22/01/2022;6552;47.45 ;31.79 ;310892.40 ;208288.08 
C0649;África;South Sudan;Cosméticos;P0006;Crítica;9/05/2021;264956605;4/06/2021;5402;437.20 ;263.33 ;2361754.40 ;1422508.66 
C0324;Asia;Malaysia;Snacks;P0001;Crítica;13/08/2022;332419955;12/09/2022;9307;152.58 ;97.44 ;1420062.06 ;906874.08 
C0582;Centroamérica y Caribe;Costa Rica;Snacks;P0001;Media;22/08/2022;458289372;30/08/2022;6864;152.58 ;97.44 ;1047309.12 ;668828.16 
C0988;Europa;Croatia;Cuidado personal;P0007;Alta;25/02/2020;498863685;8/03/2020;3705;81.73 ;56.67 ;302809.65 ;209962.35 
C0307;Asia;Nepal;Bebida;P0009;Baja;5/11/2022;830754220;7/11/2022;7490;47.45 ;31.79 ;355400.50 ;238107.10 
C0008;Asia;Tajikistan;Alimento infantil;P0005;Alta;1/04/2020;100884807;30/04/2020;2911;255.28 ;159.42 ;743120.08 ;464071.62 
C0764;Europa;Serbia;Cárnicos;P0002;Alta;17/04/2022;176491773;24/04/2022;6692;421.89 ;364.69 ;2823287.88 ;2440505.48 
C0951;África;Angola;Cárnicos;P0002;Baja;25/09/2020;295123946;3/11/2020;2589;421.89 ;364.69 ;1092273.21 ;944182.41 
C0146;Asia;Japan;Cuidado personal;P0007;Baja;7/01/2022;214642655;14/02/2022;6386;81.73 ;56.67 ;521927.78 ;361894.62 
C0632;Europa;Iceland;Cárnicos;P0002;Media;21/02/2020;663221728;1/03/2020;903;421.89 ;364.69 ;380966.67 ;329315.07 
C0893;Europa;Cyprus;Ropa;P0011;Media;2/12/2020;189347493;21/12/2020;986;109.28 ;35.84 ;107750.08 ;35338.24 
C0118;Australia y Oceanía;East Timor;Bebida;P0009;Alta;30/07/2020;111818778;23/08/2020;8516;47.45 ;31.79 ;404084.20 ;270723.64 
C0697;Asia;Tajikistan;Material de oficina;P0008;Baja;17/06/2021;469746911;28/07/2021;7405;651.21 ;524.96 ;4822210.05 ;3887328.80 
C0725;África;Somalia;Doméstico;P0012;Crítica;7/01/2022;472555720;3/02/2022;8594;668.27 ;502.54 ;5743112.38 ;4318828.76 
C0499;Europa;Spain;Ropa;P0011;Alta;9/02/2021;749981534;11/02/2021;5057;109.28 ;35.84 ;552628.96 ;181242.88 
C0020;Europa;Sweden;Cereales;P0003;Crítica;12/04/2022;202073180;8/05/2022;6799;205.70 ;117.11 ;1398554.30 ;796230.89 
C0491;África;Ethiopia;Doméstico;P0012;Baja;26/11/2020;949191987;15/12/2020;5857;668.27 ;502.54 ;3914057.39 ;2943376.78 
C0820;Asia;Turkmenistan;Cuidado personal;P0007;Baja;4/10/2022;682011783;14/11/2022;1297;81.73 ;56.67 ;106003.81 ;73500.99 
C0115;Europa;Malta;Ropa;P0011;Baja;6/08/2022;311518895;21/08/2022;4219;109.28 ;35.84 ;461052.32 ;151208.96 
C0190;África;Malawi;Cosméticos;P0006;Baja;16/09/2022;819012153;18/09/2022;2751;437.20 ;263.33 ;1202737.20 ;724420.83 
C0061;Europa;Czech Republic;Material de oficina;P0008;Crítica;29/01/2020;106102883;28/02/2020;7056;651.21 ;524.96 ;4594937.76 ;3704117.76 
C0447;Europa;Netherlands;Cárnicos;P0002;Media;3/02/2022;644714915;10/02/2022;4325;421.89 ;364.69 ;1824674.25 ;1577284.25 
C0270;Europa;Sweden;Bebida;P0009;Baja;2/04/2022;927084577;16/04/2022;3783;47.45 ;31.79 ;179503.35 ;120261.57 
C0157;África;Saudi Arabia;Verduras;P0010;Crítica;6/08/2021;415760695;18/08/2021;1684;154.06 ;90.93 ;259437.04 ;153126.12 
C0936;África;Turkey;Cereales;P0003;Media;29/07/2021;893604600;29/08/2021;6314;205.70 ;117.11 ;1298789.80 ;739432.54 
C0137;Centroamérica y Caribe;Dominican Republic;Ropa;P0011;Baja;12/08/2022;613790118;18/09/2022;2991;109.28 ;35.84 ;326856.48 ;107197.44 
C0498;Asia;Uzbekistan;Cuidado personal;P0007;Alta;31/08/2022;149803578;7/09/2022;9063;81.73 ;56.67 ;740718.99 ;513600.21 
C0454;África;Kuwait;Snacks;P0001;Media;14/07/2021;145443809;26/07/2021;8910;152.58 ;97.44 ;1359487.80 ;868190.40 
C0648;Australia y Oceanía;Federated States of Micronesia;Ropa;P0011;Crítica;9/04/2022;864822137;11/05/2022;8943;109.28 ;35.84 ;977291.04 ;320517.12 
C0423;Australia y Oceanía;Samoa ;Material de oficina;P0008;Alta;10/03/2021;842362391;14/04/2021;2606;651.21 ;524.96 ;1697053.26 ;1368045.76 
C0328;África;Eritrea;Snacks;P0001;Baja;18/09/2020;932800900;21/09/2020;5370;152.58 ;97.44 ;819354.60 ;523252.80 
C0611;Asia;Singapore;Alimento infantil;P0005;Alta;3/04/2022;261186492;13/04/2022;9742;255.28 ;159.42 ;2486937.76 ;1553069.64 
C0728;África;Mauritania;Doméstico;P0012;Media;23/11/2021;272880494;31/12/2021;257;668.27 ;502.54 ;171745.39 ;129152.78 
C0835;Asia;Bhutan;Ropa;P0011;Alta;30/05/2020;683556735;8/06/2020;8483;109.28 ;35.84 ;927022.24 ;304030.72 
C0292;África;Republic of the Congo;Bebida;P0009;Baja;5/11/2021;829201543;15/11/2021;8018;47.45 ;31.79 ;380454.10 ;254892.22 
C0161;Europa;Germany;Bebida;P0009;Media;18/08/2020;116113746;1/09/2020;9493;47.45 ;31.79 ;450442.85 ;301782.47 
C0709;África;Tunisia ;Cereales;P0003;Media;6/03/2020;270904672;14/03/2020;5567;205.70 ;117.11 ;1145131.90 ;651951.37 
C0904;Asia;Myanmar;Cereales;P0003;Media;7/01/2020;390498149;26/01/2020;5935;205.70 ;117.11 ;1220829.50 ;695047.85 
C0921;Europa;Romania;Cosméticos;P0006;Media;28/01/2020;992130506;3/03/2020;2319;437.20 ;263.33 ;1013866.80 ;610662.27 
C0633;Europa;Greece;Snacks;P0001;Crítica;10/02/2022;863350570;14/03/2022;3474;152.58 ;97.44 ;530062.92 ;338506.56 
C0120;África;Benin;Cosméticos;P0006;Baja;28/07/2022;212019670;29/07/2022;187;437.20 ;263.33 ;81756.40 ;49242.71 
C0163;Centroamérica y Caribe;Jamaica;Material de oficina;P0008;Crítica;5/08/2022;216311633;27/08/2022;274;651.21 ;524.96 ;178431.54 ;143839.04 
C0747;Europa;Liechtenstein;Doméstico;P0012;Alta;6/11/2020;774712789;11/12/2020;3585;668.27 ;502.54 ;2395747.95 ;1801605.90 
C0560;Norteamérica;Greenland;Alimento infantil;P0005;Crítica;17/09/2020;956021964;8/10/2020;6999;255.28 ;159.42 ;1786704.72 ;1115780.58 
C0493;Europa;Romania;Cosméticos;P0006;Alta;26/03/2020;349350488;19/04/2020;9428;437.20 ;263.33 ;4121921.60 ;2482675.24 
C0141;Asia;China;Cosméticos;P0006;Alta;26/02/2022;414122188;23/03/2022;6813;437.20 ;263.33 ;2978643.60 ;1794067.29 
C0300;Australia y Oceanía;East Timor;Doméstico;P0012;Baja;17/01/2021;430073392;5/02/2021;7129;668.27 ;502.54 ;4764096.83 ;3582607.66 
C0472;Europa;Albania;Cuidado personal;P0007;Media;18/11/2021;647252929;28/12/2021;5380;81.73 ;56.67 ;439707.40 ;304884.60 
C0360;Asia;Laos;Frutas;P0004;Alta;20/06/2021;936022126;24/07/2021;8602;9.33 ;6.92 ;80256.66 ;59525.84 
C0370;África;Central African Republic;Material de oficina;P0008;Baja;17/04/2021;337054812;24/05/2021;864;651.21 ;524.96 ;562645.44 ;453565.44 
C0113;Europa;Netherlands;Cárnicos;P0002;Crítica;24/05/2020;211337316;8/07/2020;8263;421.89 ;364.69 ;3486077.07 ;3013433.47 
C0901;Australia y Oceanía;Solomon Islands;Snacks;P0001;Media;30/06/2022;190168464;15/08/2022;3929;152.58 ;97.44 ;599486.82 ;382841.76 
C0251;África;Seychelles ;Ropa;P0011;Media;16/04/2020;425159585;26/05/2020;3024;109.28 ;35.84 ;330462.72 ;108380.16 
C0382;Asia;Kazakhstan;Cárnicos;P0002;Baja;7/08/2022;238234508;21/08/2022;7740;421.89 ;364.69 ;3265428.60 ;2822700.60 
C0716;Europa;Hungary;Cosméticos;P0006;Alta;26/06/2021;371629559;16/07/2021;2300;437.20 ;263.33 ;1005560.00 ;605659.00 
C0378;Asia;Laos;Alimento infantil;P0005;Baja;13/04/2022;737893569;30/05/2022;7960;255.28 ;159.42 ;2032028.80 ;1268983.20 
C0698;África;Yemen;Ropa;P0011;Crítica;25/02/2022;869887864;15/04/2022;8005;109.28 ;35.84 ;874786.40 ;286899.20 
C0707;Europa;Russia;Cuidado personal;P0007;Alta;1/02/2020;370786273;16/02/2020;2753;81.73 ;56.67 ;225002.69 ;156012.51 
C0640;Asia;Philippines;Cereales;P0003;Alta;10/03/2021;264075124;11/03/2021;4552;205.70 ;117.11 ;936346.40 ;533084.72 
C0435;Australia y Oceanía;Marshall Islands;Frutas;P0004;Baja;22/12/2020;743553245;22/12/2020;2783;9.33 ;6.92 ;25965.39 ;19258.36 
C0233;África;Burkina Faso;Cuidado personal;P0007;Crítica;24/01/2021;723331964;11/02/2021;8857;81.73 ;56.67 ;723882.61 ;501926.19 
C0878;Europa;Kosovo;Snacks;P0001;Media;23/01/2022;987835109;13/03/2022;1215;152.58 ;97.44 ;185384.70 ;118389.60 
C0417;Asia;North Korea;Material de oficina;P0008;Alta;7/02/2022;141799008;28/03/2022;333;651.21 ;524.96 ;216852.93 ;174811.68 
C0602;Asia;Bhutan;Snacks;P0001;Alta;1/03/2021;460272490;16/03/2021;3713;152.58 ;97.44 ;566529.54 ;361794.72 
C0386;Europa;Switzerland;Material de oficina;P0008;Media;25/06/2022;238616883;2/07/2022;893;651.21 ;524.96 ;581530.53 ;468789.28 
C0425;África;Libya;Cuidado personal;P0007;Alta;17/07/2022;542506015;7/08/2022;8440;81.73 ;56.67 ;689801.20 ;478294.80 
C0579;Centroamérica y Caribe;Honduras;Verduras;P0010;Alta;4/02/2021;257926213;23/02/2021;4953;154.06 ;90.93 ;763059.18 ;450376.29 
C0411;África;Benin;Alimento infantil;P0005;Media;2/08/2022;141176307;20/09/2022;6061;255.28 ;159.42 ;1547252.08 ;966244.62 
C0688;África;Egypt;Cárnicos;P0002;Media;31/05/2020;568867623;22/06/2020;9426;421.89 ;364.69 ;3976735.14 ;3437567.94 
C0879;Europa;Cyprus;Bebida;P0009;Media;5/04/2021;187923991;17/05/2021;9740;47.45 ;31.79 ;462163.00 ;309634.60 
C0655;África;Morocco;Cereales;P0003;Alta;4/10/2020;865581738;23/10/2020;3726;205.70 ;117.11 ;766438.20 ;436351.86 
C0393;Europa;Estonia;Bebida;P0009;Alta;8/02/2022;939389693;15/02/2022;5140;47.45 ;31.79 ;243893.00 ;163400.60 
C0672;Asia;South Korea;Alimento infantil;P0005;Crítica;24/04/2020;167209184;16/05/2020;9768;255.28 ;159.42 ;2493575.04 ;1557214.56 
C0772;Asia;Vietnam;Cosméticos;P0006;Media;20/10/2020;177214038;6/11/2020;427;437.20 ;263.33 ;186684.40 ;112441.91 
C0178;África;Syria;Snacks;P0001;Alta;29/10/2020;417890584;6/11/2020;1965;152.58 ;97.44 ;299819.70 ;191469.60 
C0080;Europa;Luxembourg;Ropa;P0011;Baja;27/04/2022;408037650;27/04/2022;6263;109.28 ;35.84 ;684420.64 ;224465.92 
C0867;Centroamérica y Caribe;Cuba;Cosméticos;P0006;Alta;28/11/2021;186766564;12/12/2021;7232;437.20 ;263.33 ;3161830.40 ;1904402.56 
C0635;Asia;Maldives;Cárnicos;P0002;Alta;27/11/2020;763501155;2/12/2020;5813;421.89 ;364.69 ;2452446.57 ;2119942.97 
C0679;Asia;Taiwan;Bebida;P0009;Media;10/01/2021;967977750;22/02/2021;4982;47.45 ;31.79 ;236395.90 ;158377.78 
C0002;Europa;Bosnia and Herzegovina;Snacks;P0001;Crítica;7/02/2020;600245177;14/03/2020;4742;152.58 ;97.44 ;723534.36 ;462060.48 
C0806;África;Afghanistan;Cosméticos;P0006;Baja;28/01/2022;880664765;3/02/2022;7129;437.20 ;263.33 ;3116798.80 ;1877279.57 
C0999;Norteamérica;Canada;Cereales;P0003;Media;20/04/2021;399910342;4/05/2021;1212;205.70 ;117.11 ;249308.40 ;141937.32 
C0689;África;Qatar;Cárnicos;P0002;Media;4/02/2021;968968236;8/03/2021;8088;421.89 ;364.69 ;3412246.32 ;2949612.72 
C0691;Europa;Malta;Verduras;P0010;Baja;24/11/2020;869137275;15/12/2020;5889;154.06 ;90.93 ;907259.34 ;535486.77 
C0020;África;Bahrain;Verduras;P0010;Crítica;19/07/2020;702028787;25/07/2020;4773;154.06 ;90.93 ;735328.38 ;434008.89 
C0395;África;Zambia;Frutas;P0004;Baja;19/09/2021;239566600;20/09/2021;1935;9.33 ;6.92 ;18053.55 ;13390.20 
C0739;Asia;Bangladesh;Ropa;P0011;Crítica;5/10/2020;673987042;7/11/2020;6598;109.28 ;35.84 ;721029.44 ;236472.32 
C0678;África;Egypt;Cárnicos;P0002;Media;1/08/2021;567838943;14/08/2021;5017;421.89 ;364.69 ;2116622.13 ;1829649.73 
C0039;Asia;Japan;Ropa;P0011;Crítica;9/10/2022;803983628;1/11/2022;5477;109.28 ;35.84 ;598526.56 ;196295.68 
C0355;Centroamérica y Caribe;Jamaica;Cosméticos;P0006;Media;21/11/2021;535594928;17/12/2021;3296;437.20 ;263.33 ;1441011.20 ;867935.68 
C0361;África;Namibia;Alimento infantil;P0005;Media;14/08/2022;336159169;17/08/2022;5823;255.28 ;159.42 ;1486495.44 ;928302.66 
C0494;Australia y Oceanía;Federated States of Micronesia;Cárnicos;P0002;Crítica;21/11/2021;849475181;12/12/2021;7438;421.89 ;364.69 ;3138017.82 ;2712564.22 
C0396;África;Iran;Ropa;P0011;Media;6/10/2022;539654290;18/10/2022;4552;109.28 ;35.84 ;497442.56 ;163143.68 
C0411;Asia;Malaysia;Cereales;P0003;Alta;20/07/2021;641120326;3/09/2021;606;205.70 ;117.11 ;124654.20 ;70968.66 
C0086;Asia;Tajikistan;Verduras;P0010;Crítica;4/09/2020;208609616;5/09/2020;1076;154.06 ;90.93 ;165768.56 ;97840.68 
C0671;África;Iran;Cárnicos;P0002;Alta;20/07/2021;167170989;22/07/2021;8465;421.89 ;364.69 ;3571298.85 ;3087100.85 
C0621;Australia y Oceanía;Samoa ;Cárnicos;P0002;Crítica;3/04/2020;162165772;6/05/2020;7311;421.89 ;364.69 ;3084437.79 ;2666248.59 
C0092;África;Botswana;Cosméticos;P0006;Crítica;5/06/2020;809267795;20/06/2020;9179;437.20 ;263.33 ;4013058.80 ;2417106.07 
C0444;Europa;Austria;Alimento infantil;P0005;Crítica;22/05/2020;544463384;25/06/2020;7669;255.28 ;159.42 ;1957742.32 ;1222591.98 
C0740;África;Syria;Bebida;P0009;Alta;17/04/2020;574051368;1/05/2020;3411;47.45 ;31.79 ;161851.95 ;108435.69 
C0246;África;Senegal;Frutas;P0004;Crítica;10/09/2020;824643075;23/10/2020;9066;9.33 ;6.92 ;84585.78 ;62736.72 
C0931;África;Mauritius ;Cuidado personal;P0007;Media;11/02/2021;393162333;29/03/2021;4326;81.73 ;56.67 ;353563.98 ;245154.42 
C0968;África;Cote d'Ivoire;Frutas;P0004;Alta;28/06/2021;696845471;8/07/2021;915;9.33 ;6.92 ;8536.95 ;6331.80 
C0232;Centroamérica y Caribe;Belize;Ropa;P0011;Alta;18/09/2020;523241317;3/10/2020;7588;109.28 ;35.84 ;829216.64 ;271953.92 
C0802;África;Morocco;Cereales;P0003;Baja;15/12/2020;980211198;15/12/2020;5131;205.70 ;117.11 ;1055446.70 ;600891.41 
C0459;Australia y Oceanía;Australia;Doméstico;P0012;Baja;27/06/2020;545928943;10/08/2020;1361;668.27 ;502.54 ;909515.47 ;683956.94 
C0188;África;Senegal;Verduras;P0010;Baja;5/11/2020;918880879;13/12/2020;6127;154.06 ;90.93 ;943925.62 ;557128.11 
C0678;Centroamérica y Caribe;Antigua and Barbuda ;Verduras;P0010;Alta;18/07/2022;267865836;30/07/2022;6308;154.06 ;90.93 ;971810.48 ;573586.44 
C0819;Europa;Poland;Material de oficina;P0008;Alta;8/10/2020;881995141;20/10/2020;817;651.21 ;524.96 ;532038.57 ;428892.32 
C0206;Europa;Kosovo;Cuidado personal;P0007;Crítica;17/02/2021;620692622;6/03/2021;5595;81.73 ;56.67 ;457279.35 ;317068.65 
C0636;Asia;Malaysia;Cárnicos;P0002;Media;19/01/2021;563694608;11/02/2021;8616;421.89 ;364.69 ;3635004.24 ;3142169.04 
C0610;Centroamérica y Caribe;Guatemala;Bebida;P0009;Alta;26/08/2022;961049926;9/09/2022;4885;47.45 ;31.79 ;231793.25 ;155294.15 
C0831;Australia y Oceanía;Vanuatu;Material de oficina;P0008;Baja;24/09/2022;783119904;30/10/2022;1437;651.21 ;524.96 ;935788.77 ;754367.52 
C0705;Centroamérica y Caribe;Nicaragua;Cuidado personal;P0007;Alta;13/10/2022;870578372;6/11/2022;2341;81.73 ;56.67 ;191329.93 ;132664.47 
C0844;África;Lesotho;Snacks;P0001;Media;3/11/2021;784411656;29/11/2021;3695;152.58 ;97.44 ;563783.10 ;360040.80 
C0559;Asia;Turkmenistan;Doméstico;P0012;Crítica;10/10/2020;155918586;7/11/2020;8629;668.27 ;502.54 ;5766501.83 ;4336417.66 
C0367;África;Saudi Arabia;Cosméticos;P0006;Crítica;7/11/2020;936710488;8/12/2020;2304;437.20 ;263.33 ;1007308.80 ;606712.32 
C0487;Asia;Japan;Snacks;P0001;Media;24/04/2022;648711192;16/05/2022;6912;152.58 ;97.44 ;1054632.96 ;673505.28 
C0341;Europa;Latvia;Doméstico;P0012;Crítica;1/02/2020;934157025;3/02/2020;6678;668.27 ;502.54 ;4462707.06 ;3355962.12 
C0055;Norteamérica;Greenland;Ropa;P0011;Crítica;11/05/2022;805596816;23/05/2022;2855;109.28 ;35.84 ;311994.40 ;102323.20 
C0958;Centroamérica y Caribe;Costa Rica;Cereales;P0003;Alta;30/07/2020;695891892;3/08/2020;8730;205.70 ;117.11 ;1795761.00 ;1022370.30 
C0082;Asia;Japan;Cuidado personal;P0007;Baja;24/04/2022;208216083;13/05/2022;4621;81.73 ;56.67 ;377674.33 ;261872.07 
C0660;Europa;Cyprus;Cereales;P0003;Crítica;25/03/2021;366055715;5/04/2021;2875;205.70 ;117.11 ;591387.50 ;336691.25 
C0632;África;Pakistan;Cárnicos;P0002;Baja;3/06/2021;463209617;27/06/2021;2874;421.89 ;364.69 ;1212511.86 ;1048119.06 
C0137;Europa;Monaco;Cosméticos;P0006;Media;25/08/2021;313789117;7/09/2021;6028;437.20 ;263.33 ;2635441.60 ;1587353.24 
C0022;Asia;China;Cereales;P0003;Crítica;6/07/2022;702218043;29/07/2022;779;205.70 ;117.11 ;160240.30 ;91228.69 
C0332;Australia y Oceanía;New Zealand;Cárnicos;P0002;Alta;26/02/2022;233232724;8/03/2022;7601;421.89 ;364.69 ;3206785.89 ;2772008.69 
C0818;Centroamérica y Caribe;Guatemala;Alimento infantil;P0005;Baja;20/07/2020;281881988;11/08/2020;3999;255.28 ;159.42 ;1020864.72 ;637520.58 
C0435;África;Libya;Snacks;P0001;Media;6/12/2020;943527162;22/12/2020;9509;152.58 ;97.44 ;1450883.22 ;926556.96 
C0838;Europa;Liechtenstein;Cárnicos;P0002;Media;24/08/2022;583842074;4/10/2022;699;421.89 ;364.69 ;294901.11 ;254918.31 
C0888;África;Democratic Republic of the Congo;Alimento infantil;P0005;Alta;3/08/2022;788813054;9/08/2022;6167;255.28 ;159.42 ;1574311.76 ;983143.14 
C0147;Asia;Mongolia;Cuidado personal;P0007;Crítica;4/05/2022;514738929;16/05/2022;1543;81.73 ;56.67 ;126109.39 ;87441.81 
C0382;Europa;Bosnia and Herzegovina;Frutas;P0004;Media;7/01/2021;138231027;28/01/2021;4487;9.33 ;6.92 ;41863.71 ;31050.04 
C0062;Centroamérica y Caribe;Cuba;Cereales;P0003;Crítica;13/06/2022;106213176;15/07/2022;9694;205.70 ;117.11 ;1994055.80 ;1135264.34 
C0859;Asia;Bhutan;Snacks;P0001;Media;6/04/2022;485921704;15/04/2022;3885;152.58 ;97.44 ;592773.30 ;378554.40 
C0149;Asia;Laos;Material de oficina;P0008;Alta;18/10/2020;514905440;22/10/2020;817;651.21 ;524.96 ;532038.57 ;428892.32 
C0510;Asia;Turkmenistan;Cuidado personal;P0007;Baja;23/08/2021;851025712;27/09/2021;6275;81.73 ;56.67 ;512855.75 ;355604.25 
C0224;Australia y Oceanía;Papua New Guinea;Alimento infantil;P0005;Baja;24/08/2021;422456347;26/08/2021;3076;255.28 ;159.42 ;785241.28 ;490375.92 
C0776;África;Qatar;Cosméticos;P0006;Alta;29/11/2020;477683675;23/12/2020;6069;437.20 ;263.33 ;2653366.80 ;1598149.77 
C0355;Australia y Oceanía;Palau;Ropa;P0011;Baja;19/05/2021;535506522;25/05/2021;7135;109.28 ;35.84 ;779712.80 ;255718.40 
C0350;Asia;Philippines;Cereales;P0003;Baja;15/07/2022;635036218;31/07/2022;184;205.70 ;117.11 ;37848.80 ;21548.24 
C0856;Australia y Oceanía;Papua New Guinea;Cárnicos;P0002;Baja;31/10/2022;885696589;11/11/2022;6158;421.89 ;364.69 ;2597998.62 ;2245761.02 
C0172;África;Liberia;Verduras;P0010;Baja;14/02/2021;117223966;25/02/2021;8031;154.06 ;90.93 ;1237255.86 ;730258.83 
C0296;África;Iran;Ropa;P0011;Alta;16/12/2020;829667174;9/01/2021;5809;109.28 ;35.84 ;634807.52 ;208194.56 
C0433;Centroamérica y Caribe;Guatemala;Bebida;P0009;Crítica;28/07/2020;643387544;20/08/2020;1527;47.45 ;31.79 ;72456.15 ;48543.33 
C0490;Australia y Oceanía;Tuvalu;Snacks;P0001;Baja;9/01/2020;849058902;25/01/2020;4252;152.58 ;97.44 ;648770.16 ;414314.88 
C0576;Asia;Philippines;Material de oficina;P0008;Baja;19/08/2022;557667577;15/09/2022;5083;651.21 ;524.96 ;3310100.43 ;2668371.68 
C0505;Asia;Singapore;Ropa;P0011;Crítica;15/02/2022;750512397;4/03/2022;2151;109.28 ;35.84 ;235061.28 ;77091.84 
C0292;Asia;Laos;Verduras;P0010;Media;13/03/2021;229204690;25/03/2021;5616;154.06 ;90.93 ;865200.96 ;510662.88 
C0656;Europa;Montenegro;Frutas;P0004;Alta;10/07/2021;565668284;3/08/2021;2671;9.33 ;6.92 ;24920.43 ;18483.32 
C0521;Centroamérica y Caribe;Barbados;Snacks;P0001;Media;23/04/2022;252139508;23/05/2022;2538;152.58 ;97.44 ;387248.04 ;247302.72 
C0511;África;Egypt;Snacks;P0001;Alta;1/10/2021;551167190;13/11/2021;1474;152.58 ;97.44 ;224902.92 ;143626.56 
C0456;África;Sudan;Doméstico;P0012;Crítica;16/04/2021;545612657;29/05/2021;7765;668.27 ;502.54 ;5189116.55 ;3902223.10 
C0886;África;Democratic Republic of the Congo;Snacks;P0001;Baja;7/05/2021;288649737;20/06/2021;6727;152.58 ;97.44 ;1026405.66 ;655478.88 
C0537;Centroamérica y Caribe;Cuba;Cuidado personal;P0007;Baja;30/09/2022;353764760;27/10/2022;5709;81.73 ;56.67 ;466596.57 ;323529.03 
C0847;África;Ghana;Frutas;P0004;Media;5/06/2022;484756553;14/06/2022;9091;9.33 ;6.92 ;84819.03 ;62909.72 
C0457;Europa;Poland;Bebida;P0009;Media;30/07/2020;945736443;20/08/2020;3285;47.45 ;31.79 ;155873.25 ;104430.15 
C0711;África;Saudi Arabia;Bebida;P0009;Baja;2/02/2022;271128261;7/03/2022;1732;47.45 ;31.79 ;82183.40 ;55060.28 
C0156;Centroamérica y Caribe;Barbados;Alimento infantil;P0005;Baja;26/10/2020;215668332;21/11/2020;9907;255.28 ;159.42 ;2529058.96 ;1579373.94 
C0044;Europa;Bosnia and Herzegovina;Frutas;P0004;Alta;9/01/2021;804405486;1/02/2021;314;9.33 ;6.92 ;2929.62 ;2172.88 
C0827;África;Lebanon;Cárnicos;P0002;Media;26/08/2021;782701051;1/09/2021;7489;421.89 ;364.69 ;3159534.21 ;2731163.41 
C0662;Europa;Latvia;Doméstico;P0012;Crítica;15/08/2020;766228854;3/10/2020;3000;668.27 ;502.54 ;2004810.00 ;1507620.00 
C0909;Australia y Oceanía;Australia;Frutas;P0004;Media;21/12/2021;990975224;27/01/2022;445;9.33 ;6.92 ;4151.85 ;3079.40 
C0632;África;Jordan;Cereales;P0003;Media;20/02/2020;863238990;3/04/2020;455;205.70 ;117.11 ;93593.50 ;53285.05 
C0096;Europa;United Kingdom;Cuidado personal;P0007;Media;22/05/2021;309631478;27/05/2021;5690;81.73 ;56.67 ;465043.70 ;322452.30 
C0270;Centroamérica y Caribe;Haiti;Verduras;P0010;Baja;24/05/2022;227076518;13/07/2022;5843;154.06 ;90.93 ;900172.58 ;531303.99 
C0328;Asia;South Korea;Cuidado personal;P0007;Crítica;23/03/2020;232810437;6/04/2020;2637;81.73 ;56.67 ;215522.01 ;149438.79 
C0143;África;Niger;Bebida;P0009;Crítica;10/05/2022;914382064;6/06/2022;4827;47.45 ;31.79 ;229041.15 ;153450.33 
C0796;África;Mozambique;Verduras;P0010;Crítica;17/05/2022;679652726;13/06/2022;3200;154.06 ;90.93 ;492992.00 ;290976.00 
C0067;Europa;Armenia;Cereales;P0003;Baja;2/06/2021;706796252;16/07/2021;5572;205.70 ;117.11 ;1146160.40 ;652536.92 
C0942;Europa;Iceland;Frutas;P0004;Media;8/01/2021;894298970;26/01/2021;1793;9.33 ;6.92 ;16728.69 ;12407.56 
C0109;Centroamérica y Caribe;Panama;Bebida;P0009;Baja;10/09/2021;310959708;12/10/2021;8743;47.45 ;31.79 ;414855.35 ;277939.97 
C0458;Europa;Switzerland;Bebida;P0009;Baja;27/06/2021;345889794;25/07/2021;5331;47.45 ;31.79 ;252955.95 ;169472.49 
C0585;África;Mauritius ;Frutas;P0004;Alta;15/04/2020;658513057;23/05/2020;7502;9.33 ;6.92 ;69993.66 ;51913.84 
C0285;Europa;Andorra;Material de oficina;P0008;Media;28/03/2021;528565824;3/04/2021;3228;651.21 ;524.96 ;2102105.88 ;1694570.88 
C0060;Asia;Bangladesh;Material de oficina;P0008;Alta;28/09/2020;206096923;15/10/2020;7514;651.21 ;524.96 ;4893191.94 ;3944549.44 
C0614;Australia y Oceanía;Tonga;Ropa;P0011;Baja;25/04/2021;461467683;11/05/2021;7397;109.28 ;35.84 ;808344.16 ;265108.48 
C0353;Centroamérica y Caribe;Jamaica;Bebida;P0009;Alta;4/08/2021;335351932;13/09/2021;6944;47.45 ;31.79 ;329492.80 ;220749.76 
C0887;África;Israel;Verduras;P0010;Media;10/08/2020;288735997;14/09/2020;2253;154.06 ;90.93 ;347097.18 ;204865.29 
C0529;Europa;France;Cuidado personal;P0007;Crítica;3/02/2022;852918708;14/03/2022;6454;81.73 ;56.67 ;527485.42 ;365748.18 
C0795;África;Benin;Snacks;P0001;Crítica;3/08/2021;379511392;3/08/2021;4709;152.58 ;97.44 ;718499.22 ;458844.96 
C0904;Asia;Philippines;Verduras;P0010;Media;16/03/2022;890437877;24/03/2022;9210;154.06 ;90.93 ;1418892.60 ;837465.30 
C0279;Europa;Slovakia;Frutas;P0004;Alta;21/09/2021;427934491;4/10/2021;4180;9.33 ;6.92 ;38999.40 ;28925.60 
C0045;Asia;Laos;Doméstico;P0012;Alta;13/08/2022;704550063;18/08/2022;875;668.27 ;502.54 ;584736.25 ;439722.50 
C0531;Australia y Oceanía;Nauru;Cárnicos;P0002;Crítica;16/01/2022;353145921;23/02/2022;2580;421.89 ;364.69 ;1088476.20 ;940900.20 
C0768;África;Benin;Snacks;P0001;Media;9/11/2021;776895892;9/11/2021;9614;152.58 ;97.44 ;1466904.12 ;936788.16 
C0992;Centroamérica y Caribe;Guatemala;Verduras;P0010;Crítica;14/06/2021;299286305;3/08/2021;4323;154.06 ;90.93 ;666001.38 ;393090.39 
C0141;Centroamérica y Caribe;Belize;Snacks;P0001;Alta;17/01/2022;914115989;12/02/2022;6090;152.58 ;97.44 ;929212.20 ;593409.60 
C0354;África;Tunisia ;Alimento infantil;P0005;Crítica;30/05/2022;635496270;5/07/2022;6323;255.28 ;159.42 ;1614135.44 ;1008012.66 
C0478;África;Republic of the Congo;Cárnicos;P0002;Alta;13/04/2020;247850978;8/05/2020;3467;421.89 ;364.69 ;1462692.63 ;1264380.23 
C0559;Australia y Oceanía;Kiribati;Ropa;P0011;Baja;21/05/2022;155916440;10/07/2022;7994;109.28 ;35.84 ;873584.32 ;286504.96 
C0347;Europa;Albania;Verduras;P0010;Baja;11/02/2020;834741485;17/02/2020;7410;154.06 ;90.93 ;1141584.60 ;673791.30 
C0796;Australia y Oceanía;Palau;Cárnicos;P0002;Baja;2/06/2022;579687440;5/06/2022;1250;421.89 ;364.69 ;527362.50 ;455862.50 
C0564;África;Angola;Cuidado personal;P0007;Alta;27/01/2020;456428134;6/03/2020;6083;81.73 ;56.67 ;497163.59 ;344723.61 
C0509;África;Swaziland;Snacks;P0001;Media;27/05/2021;250949895;19/06/2021;505;152.58 ;97.44 ;77052.90 ;49207.20 
C0195;Centroamérica y Caribe;Barbados;Verduras;P0010;Baja;9/04/2022;719551551;14/04/2022;149;154.06 ;90.93 ;22954.94 ;13548.57 
C0388;Europa;Sweden;Cosméticos;P0006;Crítica;20/10/2021;438844430;7/12/2021;2674;437.20 ;263.33 ;1169072.80 ;704144.42 
C0557;África;Zambia;Verduras;P0010;Crítica;15/12/2020;755752360;3/02/2021;2773;154.06 ;90.93 ;427208.38 ;252148.89 
C0375;África;Sierra Leone;Ropa;P0011;Crítica;1/02/2021;837511670;28/02/2021;7169;109.28 ;35.84 ;783428.32 ;256936.96 
C0216;África;Sierra Leone;Cosméticos;P0006;Media;12/07/2022;821671187;11/08/2022;9619;437.20 ;263.33 ;4205426.80 ;2532971.27 
C0660;Europa;Andorra;Verduras;P0010;Media;17/04/2020;466092240;13/05/2020;5906;154.06 ;90.93 ;909878.36 ;537032.58 
C0989;África;Seychelles ;Alimento infantil;P0005;Media;31/08/2022;498948657;16/09/2022;8850;255.28 ;159.42 ;2259228.00 ;1410867.00 
C0687;Europa;Andorra;Doméstico;P0012;Baja;5/03/2021;368726766;24/03/2021;3299;668.27 ;502.54 ;2204622.73 ;1657879.46 
C0942;Centroamérica y Caribe;Costa Rica;Bebida;P0009;Baja;15/08/2020;494225394;24/09/2020;1132;47.45 ;31.79 ;53713.40 ;35986.28 
C0145;África;Burundi;Cosméticos;P0006;Baja;25/06/2020;914555871;11/08/2020;6261;437.20 ;263.33 ;2737309.20 ;1648709.13 
C0391;Australia y Oceanía;Fiji;Ropa;P0011;Media;28/01/2022;839142024;15/03/2022;9627;109.28 ;35.84 ;1052038.56 ;345031.68 
C0977;Norteamérica;Canada;Bebida;P0009;Media;26/05/2021;897720181;2/06/2021;4206;47.45 ;31.79 ;199574.70 ;133708.74 
C0903;Asia;Philippines;Bebida;P0009;Crítica;30/12/2021;890339171;9/02/2022;1;47.45 ;31.79 ;47.45 ;31.79 
C0373;Asia;Turkmenistan;Snacks;P0001;Baja;7/02/2022;237360322;24/02/2022;9049;152.58 ;97.44 ;1380696.42 ;881734.56 
C0294;Europa;Ukraine;Ropa;P0011;Alta;11/10/2021;229457461;26/11/2021;417;109.28 ;35.84 ;45569.76 ;14945.28 
C0776;Asia;Indonesia;Cuidado personal;P0007;Media;28/06/2021;877616918;28/06/2021;5203;81.73 ;56.67 ;425241.19 ;294854.01 
C0631;África;Sao Tome and Principe;Verduras;P0010;Baja;2/09/2020;463137519;14/10/2020;1539;154.06 ;90.93 ;237098.34 ;139941.27 
C0876;Asia;Indonesia;Cuidado personal;P0007;Crítica;10/01/2022;487630593;25/02/2022;9584;81.73 ;56.67 ;783300.32 ;543125.28 
C0230;Asia;India;Verduras;P0010;Crítica;3/07/2021;723019969;27/07/2021;6531;154.06 ;90.93 ;1006165.86 ;593863.83 
C0615;África;Israel;Alimento infantil;P0005;Media;6/03/2021;561541974;10/03/2021;1604;255.28 ;159.42 ;409469.12 ;255709.68 
C0657;África;Qatar;Verduras;P0010;Alta;4/02/2022;365745437;4/02/2022;1057;154.06 ;90.93 ;162841.42 ;96113.01 
C0184;África;Liberia;Doméstico;P0012;Alta;4/11/2022;118491685;14/12/2022;3178;668.27 ;502.54 ;2123762.06 ;1597072.12 
C0729;África;South Sudan;Doméstico;P0012;Alta;25/12/2020;772954547;3/02/2021;3282;668.27 ;502.54 ;2193262.14 ;1649336.28 
C0026;Europa;Latvia;Verduras;P0010;Media;13/03/2020;202620351;11/04/2020;8719;154.06 ;90.93 ;1343249.14 ;792818.67 
C0512;Centroamérica y Caribe;Saint Lucia;Frutas;P0004;Baja;12/04/2020;851287925;6/05/2020;3869;9.33 ;6.92 ;36097.77 ;26773.48 
C0830;África;Mali;Verduras;P0010;Crítica;5/06/2021;283068597;13/06/2021;5143;154.06 ;90.93 ;792330.58 ;467652.99 
C0323;Europa;Portugal;Bebida;P0009;Media;23/10/2022;632386195;12/12/2022;5983;47.45 ;31.79 ;283893.35 ;190199.57 
C0539;Asia;Malaysia;Snacks;P0001;Crítica;20/02/2021;953977048;22/03/2021;1863;152.58 ;97.44 ;284256.54 ;181530.72 
C0728;Europa;Spain;Cosméticos;P0006;Baja;4/09/2020;372889983;25/09/2020;5287;437.20 ;263.33 ;2311476.40 ;1392225.71 
C0344;Europa;Slovenia;Ropa;P0011;Media;15/05/2020;334486329;22/05/2020;793;109.28 ;35.84 ;86659.04 ;28421.12 
C0544;África;Jordan;Verduras;P0010;Media;29/12/2020;554439914;8/01/2021;9946;154.06 ;90.93 ;1532280.76 ;904389.78 
C0687;Centroamérica y Caribe;Honduras;Doméstico;P0012;Media;15/11/2020;368737065;1/12/2020;6347;668.27 ;502.54 ;4241509.69 ;3189621.38 
C0836;África;Lebanon;Material de oficina;P0008;Baja;28/02/2020;983676612;18/04/2020;624;651.21 ;524.96 ;406355.04 ;327575.04 
C0258;África;Tunisia ;Cereales;P0003;Media;6/04/2022;525869882;22/05/2022;5439;205.70 ;117.11 ;1118802.30 ;636961.29 
C0922;Europa;Romania;Frutas;P0004;Alta;28/12/2020;792240703;29/01/2021;484;9.33 ;6.92 ;4515.72 ;3349.28 
C0000;Europa;Netherlands;Cereales;P0003;Alta;30/12/2021;500025403;15/02/2022;7483;205.70 ;117.11 ;1539253.10 ;876334.13 
C0367;África;Azerbaijan;Frutas;P0004;Baja;25/04/2021;236772811;11/05/2021;5191;9.33 ;6.92 ;48432.03 ;35921.72 
C0103;Europa;Slovenia;Doméstico;P0012;Media;11/02/2021;210344254;15/03/2021;4394;668.27 ;502.54 ;2936378.38 ;2208160.76 
C0989;África;Chad;Ropa;P0011;Crítica;12/07/2022;698913562;2/08/2022;2909;109.28 ;35.84 ;317895.52 ;104258.56 
C0009;Australia y Oceanía;Nauru;Verduras;P0010;Media;17/05/2021;700967061;13/06/2021;585;154.06 ;90.93 ;90125.10 ;53194.05 
C0853;África;Kenya;Ropa;P0011;Baja;8/01/2021;185303580;7/02/2021;4302;109.28 ;35.84 ;470122.56 ;154183.68 
C0410;Centroamérica y Caribe;Jamaica;Cuidado personal;P0007;Alta;20/05/2022;541034448;11/06/2022;2971;81.73 ;56.67 ;242819.83 ;168366.57 
C0275;Europa;Bosnia and Herzegovina;Alimento infantil;P0005;Baja;25/06/2022;527583491;31/07/2022;2534;255.28 ;159.42 ;646879.52 ;403970.28 
C0246;Centroamérica y Caribe;Antigua and Barbuda ;Cuidado personal;P0007;Crítica;9/08/2021;324687039;25/08/2021;965;81.73 ;56.67 ;78869.45 ;54686.55 
C0823;Europa;Romania;Cosméticos;P0006;Media;13/11/2021;182393920;31/12/2021;3269;437.20 ;263.33 ;1429206.80 ;860825.77 
C0710;Asia;Kazakhstan;Frutas;P0004;Crítica;29/01/2020;871065461;23/02/2020;6482;9.33 ;6.92 ;60477.06 ;44855.44 
C0313;África;Burkina Faso;Material de oficina;P0008;Alta;31/07/2020;531375491;3/09/2020;4671;651.21 ;524.96 ;3041801.91 ;2452088.16 
C0243;Centroamérica y Caribe;Saint Lucia;Cereales;P0003;Baja;1/06/2022;524310338;23/06/2022;3935;205.70 ;117.11 ;809429.50 ;460827.85 
C0811;Centroamérica y Caribe;Jamaica;Snacks;P0001;Alta;23/09/2020;481168830;20/10/2020;7404;152.58 ;97.44 ;1129702.32 ;721445.76 
C0535;África;Bahrain;Doméstico;P0012;Media;5/07/2022;553562295;22/08/2022;239;668.27 ;502.54 ;159716.53 ;120107.06 
C0634;África;Pakistan;Cereales;P0003;Crítica;11/04/2022;963414561;4/05/2022;4633;205.70 ;117.11 ;953008.10 ;542570.63 
C0529;Centroamérica y Caribe;Saint Lucia;Cereales;P0003;Baja;5/09/2020;652961957;7/09/2020;4808;205.70 ;117.11 ;989005.60 ;563064.88 
C0347;África;Angola;Snacks;P0001;Crítica;11/03/2020;434753310;7/04/2020;2021;152.58 ;97.44 ;308364.18 ;196926.24 
C0416;Europa;Kosovo;Cosméticos;P0006;Baja;29/10/2020;741649949;18/12/2020;9556;437.20 ;263.33 ;4177883.20 ;2516381.48 
C0768;Europa;Georgia;Frutas;P0004;Baja;1/08/2021;276825702;11/08/2021;7732;9.33 ;6.92 ;72139.56 ;53505.44 
C0637;Australia y Oceanía;Nauru;Doméstico;P0012;Media;6/11/2021;963766896;21/11/2021;8896;668.27 ;502.54 ;5944929.92 ;4470595.84 
C0962;Australia y Oceanía;Solomon Islands;Material de oficina;P0008;Baja;6/11/2022;296272361;11/11/2022;2430;651.21 ;524.96 ;1582440.30 ;1275652.80 
C0884;Asia;Thailand;Alimento infantil;P0005;Crítica;28/06/2020;788453423;4/08/2020;9744;255.28 ;159.42 ;2487448.32 ;1553388.48 
C0247;Europa;Russia;Cereales;P0003;Media;3/02/2021;524733912;8/02/2021;9280;205.70 ;117.11 ;1908896.00 ;1086780.80 
C0098;Australia y Oceanía;Samoa ;Frutas;P0004;Media;18/10/2022;809850156;4/11/2022;1513;9.33 ;6.92 ;14116.29 ;10469.96 
C0188;Australia y Oceanía;Vanuatu;Snacks;P0001;Baja;18/09/2022;318850982;6/10/2022;3946;152.58 ;97.44 ;602080.68 ;384498.24 
C0470;África;Lesotho;Frutas;P0004;Alta;23/03/2021;947097718;10/04/2021;6116;9.33 ;6.92 ;57062.28 ;42322.72 
C0602;Australia y Oceanía;Solomon Islands;Bebida;P0009;Alta;14/07/2020;160264194;28/07/2020;4591;47.45 ;31.79 ;217842.95 ;145947.89 
C0443;Asia;Taiwan;Snacks;P0001;Crítica;23/05/2020;444336736;9/06/2020;7969;152.58 ;97.44 ;1215910.02 ;776499.36 
C0556;Asia;Singapore;Verduras;P0010;Baja;19/05/2022;755614173;14/06/2022;1880;154.06 ;90.93 ;289632.80 ;170948.40 
C0707;África;Ghana;Verduras;P0010;Media;6/10/2022;570707833;7/10/2022;3985;154.06 ;90.93 ;613929.10 ;362356.05 
C0365;Europa;Belarus;Bebida;P0009;Alta;2/07/2022;336541545;18/08/2022;8977;47.45 ;31.79 ;425958.65 ;285378.83 
C0203;África;Lesotho;Snacks;P0001;Crítica;3/02/2020;120351636;26/02/2020;3578;152.58 ;97.44 ;545931.24 ;348640.32 
C0596;África;Democratic Republic of the Congo;Cereales;P0003;Crítica;30/07/2021;959686934;2/09/2021;1545;205.70 ;117.11 ;317806.50 ;180934.95 
C0124;Europa;San Marino;Frutas;P0004;Baja;25/12/2021;812408769;8/02/2022;8663;9.33 ;6.92 ;80825.79 ;59947.96 
C0066;África;Mauritius ;Frutas;P0004;Media;3/01/2021;406690967;11/01/2021;7749;9.33 ;6.92 ;72298.17 ;53623.08 
C0910;Europa;Kosovo;Verduras;P0010;Media;14/08/2021;991019856;25/09/2021;3653;154.06 ;90.93 ;562781.18 ;332167.29 
C0841;África;Tunisia ;Verduras;P0010;Alta;15/01/2020;284194266;16/01/2020;8254;154.06 ;90.93 ;1271611.24 ;750536.22 
C0253;Europa;Czech Republic;Material de oficina;P0008;Alta;20/06/2021;125325524;24/06/2021;5463;651.21 ;524.96 ;3557560.23 ;2867856.48 
C0238;Australia y Oceanía;Federated States of Micronesia;Cosméticos;P0006;Baja;2/07/2021;623837459;10/07/2021;6222;437.20 ;263.33 ;2720258.40 ;1638439.26 
C0094;Europa;Estonia;Doméstico;P0012;Media;8/11/2021;609466397;10/12/2021;3506;668.27 ;502.54 ;2342954.62 ;1761905.24 
C0822;Asia;Nepal;Frutas;P0004;Baja;10/05/2020;782261168;15/06/2020;7318;9.33 ;6.92 ;68276.94 ;50640.56 
C0625;África;Democratic Republic of the Congo;Bebida;P0009;Media;15/12/2020;562583100;24/01/2021;9696;47.45 ;31.79 ;460075.20 ;308235.84 
C0411;Asia;Singapore;Snacks;P0001;Alta;9/11/2020;341106021;12/11/2020;9707;152.58 ;97.44 ;1481094.06 ;945850.08 
C0288;Asia;India;Bebida;P0009;Alta;11/07/2020;128816258;12/07/2020;8448;47.45 ;31.79 ;400857.60 ;268561.92 
C0070;África;Angola;Cereales;P0003;Media;4/04/2022;907012641;19/05/2022;4051;205.70 ;117.11 ;833290.70 ;474412.61 
C0773;Asia;Kyrgyzstan;Alimento infantil;P0005;Crítica;5/03/2020;577306497;12/03/2020;6676;255.28 ;159.42 ;1704249.28 ;1064287.92 
C0116;África;Burundi;Doméstico;P0012;Crítica;31/08/2021;711621654;2/09/2021;3516;668.27 ;502.54 ;2349637.32 ;1766930.64 
C0021;África;South Africa;Material de oficina;P0008;Media;23/03/2020;702194440;30/03/2020;3794;651.21 ;524.96 ;2470690.74 ;1991698.24 
C0115;Europa;Georgia;Cereales;P0003;Baja;14/08/2022;911573684;19/09/2022;3765;205.70 ;117.11 ;774460.50 ;440919.15 
C0226;África;The Gambia;Bebida;P0009;Baja;19/09/2021;422620713;5/10/2021;1715;47.45 ;31.79 ;81376.75 ;54519.85 
C0885;Asia;Nepal;Doméstico;P0012;Crítica;18/10/2020;188509356;31/10/2020;2963;668.27 ;502.54 ;1980084.01 ;1489026.02 
C0827;Europa;Albania;Verduras;P0010;Media;7/09/2020;782725942;15/09/2020;4855;154.06 ;90.93 ;747961.30 ;441465.15 
C0490;Centroamérica y Caribe;Dominica;Material de oficina;P0008;Crítica;4/03/2021;149069297;22/03/2021;1772;651.21 ;524.96 ;1153944.12 ;930229.12 
C0516;África;Oman;Bebida;P0009;Media;16/06/2022;351650750;9/07/2022;126;47.45 ;31.79 ;5978.70 ;4005.54 
C0248;África;Ethiopia;Cereales;P0003;Media;6/11/2020;824894130;20/12/2020;3359;205.70 ;117.11 ;690946.30 ;393372.49 
C0235;Centroamérica y Caribe;Saint Kitts and Nevis ;Bebida;P0009;Alta;21/08/2021;623535764;1/09/2021;6944;47.45 ;31.79 ;329492.80 ;220749.76 
C0726;África;The Gambia;Verduras;P0010;Media;5/07/2020;672624480;22/08/2020;3386;154.06 ;90.93 ;521647.16 ;307888.98 
C0175;África;Rwanda;Cosméticos;P0006;Media;15/02/2022;617521607;24/03/2022;7221;437.20 ;263.33 ;3157021.20 ;1901505.93 
C0739;Asia;Japan;Frutas;P0004;Crítica;19/07/2021;173900973;19/07/2021;17;9.33 ;6.92 ;158.61 ;117.64 
C0777;Europa;Ireland;Verduras;P0010;Baja;24/10/2022;477748906;18/11/2022;5373;154.06 ;90.93 ;827764.38 ;488566.89 
C0353;Europa;Andorra;Alimento infantil;P0005;Media;11/05/2020;935364234;14/06/2020;3918;255.28 ;159.42 ;1000187.04 ;624607.56 
C0733;Asia;Kazakhstan;Snacks;P0001;Crítica;15/06/2020;573358285;29/06/2020;8313;152.58 ;97.44 ;1268397.54 ;810018.72 
C0886;Europa;Italy;Verduras;P0010;Alta;17/08/2022;288654887;29/09/2022;8251;154.06 ;90.93 ;1271149.06 ;750263.43 
C0984;África;Tanzania;Snacks;P0001;Baja;1/02/2021;598490369;7/02/2021;5455;152.58 ;97.44 ;832323.90 ;531535.20 
C0904;Centroamérica y Caribe;Antigua and Barbuda ;Ropa;P0011;Crítica;15/06/2020;290413558;19/07/2020;8680;109.28 ;35.84 ;948550.40 ;311091.20 
C0722;África;Qatar;Cosméticos;P0006;Media;13/01/2020;472285783;27/01/2020;8713;437.20 ;263.33 ;3809323.60 ;2294394.29 
C0222;África;Jordan;Cárnicos;P0002;Media;16/12/2020;522280871;12/01/2021;3371;421.89 ;364.69 ;1422191.19 ;1229369.99 
C0388;Centroamérica y Caribe;El Salvador;Doméstico;P0012;Baja;27/11/2021;338885152;11/12/2021;2502;668.27 ;502.54 ;1672011.54 ;1257355.08 
C0908;Australia y Oceanía;Tonga;Doméstico;P0012;Baja;12/07/2020;790897452;17/07/2020;2986;668.27 ;502.54 ;1995454.22 ;1500584.44 
C0674;África;Madagascar;Cárnicos;P0002;Alta;6/08/2020;567429101;19/09/2020;3735;421.89 ;364.69 ;1575759.15 ;1362117.15 
C0279;África;Seychelles ;Alimento infantil;P0005;Media;29/12/2021;227903926;10/01/2022;691;255.28 ;159.42 ;176398.48 ;110159.22 
C0520;África;Swaziland;Bebida;P0009;Media;23/02/2022;852058255;28/02/2022;1827;47.45 ;31.79 ;86691.15 ;58080.33 
C0899;Australia y Oceanía;Tonga;Cereales;P0003;Crítica;25/04/2020;889940917;30/04/2020;2149;205.70 ;117.11 ;442049.30 ;251669.39 
C0119;África;Azerbaijan;Bebida;P0009;Media;16/11/2021;211913239;27/11/2021;8692;47.45 ;31.79 ;412435.40 ;276318.68 
C0586;África;Madagascar;Cereales;P0003;Crítica;10/08/2022;558649051;15/08/2022;5523;205.70 ;117.11 ;1136081.10 ;646798.53 
C0911;África;Iran;Alimento infantil;P0005;Alta;16/07/2021;591134679;23/08/2021;8743;255.28 ;159.42 ;2231913.04 ;1393809.06 
C0406;Australia y Oceanía;New Zealand;Cosméticos;P0006;Baja;27/05/2022;840668952;10/07/2022;1479;437.20 ;263.33 ;646618.80 ;389465.07 
C0588;África;Democratic Republic of the Congo;Doméstico;P0012;Crítica;29/09/2020;558863198;23/10/2020;8894;668.27 ;502.54 ;5943593.38 ;4469590.76 
C0676;Europa;Lithuania;Alimento infantil;P0005;Baja;12/07/2022;867641246;27/07/2022;3180;255.28 ;159.42 ;811790.40 ;506955.60 
C0092;África;Seychelles ;Cereales;P0003;Baja;4/09/2022;709239423;24/09/2022;8561;205.70 ;117.11 ;1760997.70 ;1002578.71 
C0962;Europa;Croatia;Cereales;P0003;Crítica;20/10/2020;896206557;16/11/2020;6291;205.70 ;117.11 ;1294058.70 ;736739.01 
C0614;África;Swaziland;Alimento infantil;P0005;Crítica;26/08/2022;961403977;5/10/2022;9656;255.28 ;159.42 ;2464983.68 ;1539359.52 
C0080;Asia;Singapore;Snacks;P0001;Alta;27/06/2021;508005511;15/08/2021;8975;152.58 ;97.44 ;1369405.50 ;874524.00 
C0594;Europa;Germany;Frutas;P0004;Crítica;5/06/2022;559497487;14/06/2022;6595;9.33 ;6.92 ;61531.35 ;45637.40 
C0096;Europa;Norway;Cosméticos;P0006;Baja;20/12/2020;409678733;2/01/2021;1896;437.20 ;263.33 ;828931.20 ;499273.68 
C0726;Asia;Malaysia;Cosméticos;P0006;Media;10/08/2021;772660577;26/08/2021;6290;437.20 ;263.33 ;2749988.00 ;1656345.70 
C0328;Europa;Austria;Bebida;P0009;Crítica;29/01/2022;632866847;12/02/2022;8219;47.45 ;31.79 ;389991.55 ;261282.01 
C0950;Asia;Malaysia;Snacks;P0001;Media;10/07/2020;395033872;23/07/2020;8156;152.58 ;97.44 ;1244442.48 ;794720.64 
C0342;África;Lesotho;Cuidado personal;P0007;Alta;20/08/2022;534210479;29/08/2022;3607;81.73 ;56.67 ;294800.11 ;204408.69 
C0457;África;Benin;Frutas;P0004;Alta;18/03/2020;245757997;30/03/2020;4107;9.33 ;6.92 ;38318.31 ;28420.44 
C0953;Europa;Greece;Material de oficina;P0008;Baja;5/03/2021;595350253;24/03/2021;6225;651.21 ;524.96 ;4053782.25 ;3267876.00 
C0689;Europa;Lithuania;Cereales;P0003;Baja;3/06/2022;468973577;13/07/2022;8558;205.70 ;117.11 ;1760380.60 ;1002227.38 
C0229;África;Comoros;Cárnicos;P0002;Alta;2/09/2022;622926795;26/09/2022;6736;421.89 ;364.69 ;2841851.04 ;2456551.84 
C0338;Asia;Myanmar;Doméstico;P0012;Media;17/01/2021;533821237;21/02/2021;8421;668.27 ;502.54 ;5627501.67 ;4231889.34 
C0485;África;Ethiopia;Cuidado personal;P0007;Baja;14/05/2021;648580729;4/06/2021;8306;81.73 ;56.67 ;678849.38 ;470701.02 
C0344;África;Guinea;Cereales;P0003;Crítica;16/02/2022;134441602;5/04/2022;3112;205.70 ;117.11 ;640138.40 ;364446.32 
C0289;Centroamérica y Caribe;Saint Lucia;Cosméticos;P0006;Baja;21/10/2020;928952682;5/11/2020;6597;437.20 ;263.33 ;2884208.40 ;1737188.01 
C0899;África;Eritrea;Material de oficina;P0008;Media;27/12/2020;989975297;7/02/2021;4545;651.21 ;524.96 ;2959749.45 ;2385943.20 
C0456;África;Niger;Cuidado personal;P0007;Baja;21/05/2022;145683276;18/06/2022;9774;81.73 ;56.67 ;798829.02 ;553892.58 
C0445;Centroamérica y Caribe;Barbados;Cosméticos;P0006;Media;29/03/2022;544562947;11/05/2022;7132;437.20 ;263.33 ;3118110.40 ;1878069.56 
C0054;Australia y Oceanía;Tonga;Snacks;P0001;Crítica;30/06/2022;805413138;10/08/2022;8501;152.58 ;97.44 ;1297082.58 ;828337.44 
C0673;Asia;Indonesia;Bebida;P0009;Baja;19/08/2022;967345178;29/09/2022;7789;47.45 ;31.79 ;369588.05 ;247612.31 
C0397;Asia;Indonesia;Ropa;P0011;Alta;7/02/2021;239782893;28/03/2021;5941;109.28 ;35.84 ;649232.48 ;212925.44 
C0524;África;Lebanon;Cuidado personal;P0007;Crítica;27/06/2022;152462613;1/08/2022;5930;81.73 ;56.67 ;484658.90 ;336053.10 
C0054;África;Afghanistan;Ropa;P0011;Crítica;1/10/2021;505433166;9/10/2021;7760;109.28 ;35.84 ;848012.80 ;278118.40 
C0190;Europa;Hungary;Frutas;P0004;Baja;4/11/2022;719055879;14/12/2022;3468;9.33 ;6.92 ;32356.44 ;23998.56 
C0840;África;Gabon;Cosméticos;P0006;Media;11/02/2020;284004580;22/03/2020;2121;437.20 ;263.33 ;927301.20 ;558522.93 
C0112;Asia;Mongolia;Material de oficina;P0008;Media;7/08/2022;111265599;7/09/2022;4818;651.21 ;524.96 ;3137529.78 ;2529257.28 
C0821;Norteamérica;Canada;Alimento infantil;P0005;Baja;28/02/2021;282137763;25/03/2021;9689;255.28 ;159.42 ;2473407.92 ;1544620.38 
C0982;África;Afghanistan;Doméstico;P0012;Alta;11/05/2021;498232400;27/06/2021;6894;668.27 ;502.54 ;4607053.38 ;3464510.76 
C0314;Europa;Liechtenstein;Cereales;P0003;Media;2/01/2022;531473338;11/01/2022;3626;205.70 ;117.11 ;745868.20 ;424640.86 
C0740;Centroamérica y Caribe;Honduras;Alimento infantil;P0005;Crítica;23/04/2022;674096906;1/06/2022;9109;255.28 ;159.42 ;2325345.52 ;1452156.78 
C0886;Norteamérica;Mexico;Alimento infantil;P0005;Alta;18/06/2020;388651931;7/08/2020;9598;255.28 ;159.42 ;2450177.44 ;1530113.16 
C0579;África;Liberia;Material de oficina;P0008;Media;8/10/2020;557999742;28/10/2020;3378;651.21 ;524.96 ;2199787.38 ;1773314.88 
C0353;Europa;Ireland;Snacks;P0001;Alta;16/10/2020;335314166;1/11/2020;5768;152.58 ;97.44 ;880081.44 ;562033.92 
C0940;África;Morocco;Cárnicos;P0002;Crítica;8/05/2021;294081532;24/05/2021;4115;421.89 ;364.69 ;1736077.35 ;1500699.35 
C0781;Centroamérica y Caribe;Dominica;Ropa;P0011;Media;30/03/2022;178100669;9/05/2022;2801;109.28 ;35.84 ;306093.28 ;100387.84 
C0514;África;Cameroon;Doméstico;P0012;Media;21/10/2020;251482903;6/11/2020;8234;668.27 ;502.54 ;5502535.18 ;4137914.36 
C0486;Asia;Nepal;Cárnicos;P0002;Baja;4/12/2021;848652064;20/12/2021;3860;421.89 ;364.69 ;1628495.40 ;1407703.40 
C0243;Europa;Albania;Cereales;P0003;Crítica;25/04/2022;124344480;16/05/2022;5150;205.70 ;117.11 ;1059355.00 ;603116.50 
C0036;Asia;Maldives;Cuidado personal;P0007;Baja;8/07/2020;803608977;10/07/2020;4609;81.73 ;56.67 ;376693.57 ;261192.03 
C0318;África;Turkey;Ropa;P0011;Alta;14/03/2021;731806886;28/04/2021;6775;109.28 ;35.84 ;740372.00 ;242816.00 
C0246;Australia y Oceanía;New Zealand;Verduras;P0010;Crítica;12/04/2022;524612033;1/05/2022;3213;154.06 ;90.93 ;494994.78 ;292158.09 
C0180;África;Lebanon;Cereales;P0003;Alta;27/01/2022;418010747;7/02/2022;7524;205.70 ;117.11 ;1547686.80 ;881135.64 
C0183;Europa;Luxembourg;Ropa;P0011;Baja;26/09/2020;718301856;12/11/2020;336;109.28 ;35.84 ;36718.08 ;12042.24 
C0520;África;Togo;Ropa;P0011;Media;7/09/2021;452096688;18/09/2021;4311;109.28 ;35.84 ;471106.08 ;154506.24 
C0163;Europa;Hungary;Cuidado personal;P0007;Alta;31/07/2021;516319072;31/08/2021;9142;81.73 ;56.67 ;747175.66 ;518077.14 
C0282;Europa;Lithuania;Doméstico;P0012;Baja;10/05/2020;528205335;24/06/2020;6551;668.27 ;502.54 ;4377836.77 ;3292139.54 
C0753;Asia;Bangladesh;Material de oficina;P0008;Media;19/08/2022;175304305;18/09/2022;5294;651.21 ;524.96 ;3447505.74 ;2779138.24 
C0654;Asia;China;Bebida;P0009;Baja;28/12/2021;565477311;22/01/2022;6157;47.45 ;31.79 ;292149.65 ;195731.03 
C0768;África;Equatorial Guinea;Cárnicos;P0002;Media;5/06/2022;176898181;16/06/2022;6958;421.89 ;364.69 ;2935510.62 ;2537513.02 
C0080;Europa;Belgium;Cereales;P0003;Media;14/08/2022;708053243;12/09/2022;7544;205.70 ;117.11 ;1551800.80 ;883477.84 
C0277;África;Turkey;Snacks;P0001;Alta;20/03/2020;327741324;29/03/2020;4796;152.58 ;97.44 ;731773.68 ;467322.24 
C0250;Asia;Indonesia;Cuidado personal;P0007;Media;7/11/2021;425073754;22/12/2021;7625;81.73 ;56.67 ;623191.25 ;432108.75 
C0594;Europa;Russia;Frutas;P0004;Baja;8/09/2021;659474360;25/09/2021;1973;9.33 ;6.92 ;18408.09 ;13653.16 
C0106;Europa;Armenia;Cárnicos;P0002;Media;5/01/2020;310679471;27/01/2020;5814;421.89 ;364.69 ;2452868.46 ;2120307.66 
C0287;Centroamérica y Caribe;Belize;Cosméticos;P0006;Crítica;19/10/2021;528737914;1/12/2021;4153;437.20 ;263.33 ;1815691.60 ;1093609.49 
C0840;Europa;Finland;Snacks;P0001;Alta;30/12/2020;284011018;25/01/2021;4026;152.58 ;97.44 ;614287.08 ;392293.44 
C0171;Australia y Oceanía;Samoa ;Alimento infantil;P0005;Baja;14/12/2021;417172610;19/12/2021;9501;255.28 ;159.42 ;2425415.28 ;1514649.42 
C0892;África;The Gambia;Cosméticos;P0006;Crítica;4/11/2020;489209020;5/12/2020;6675;437.20 ;263.33 ;2918310.00 ;1757727.75 
C0314;Europa;Greece;Doméstico;P0012;Baja;25/05/2021;131419074;3/07/2021;8679;668.27 ;502.54 ;5799915.33 ;4361544.66 
C0954;Europa;Finland;Bebida;P0009;Crítica;7/01/2022;395414102;4/02/2022;674;47.45 ;31.79 ;31981.30 ;21426.46 
C0031;Centroamérica y Caribe;Trinidad and Tobago;Cereales;P0003;Baja;5/02/2020;603117930;12/03/2020;4853;205.70 ;117.11 ;998262.10 ;568334.83 
C0967;Asia;Vietnam;Frutas;P0004;Baja;27/12/2021;596766889;11/01/2022;5439;9.33 ;6.92 ;50745.87 ;37637.88 
C0889;Asia;Indonesia;Cuidado personal;P0007;Media;6/08/2021;288909804;10/08/2021;3686;81.73 ;56.67 ;301256.78 ;208885.62 
C0124;Europa;Norway;Cereales;P0003;Media;16/10/2021;112408006;23/10/2021;2882;205.70 ;117.11 ;592827.40 ;337511.02 
C0704;África;Zimbabwe;Cuidado personal;P0007;Crítica;27/07/2021;570435321;11/08/2021;3343;81.73 ;56.67 ;273223.39 ;189447.81 
C0864;África;Namibia;Alimento infantil;P0005;Crítica;28/04/2020;886478078;29/05/2020;7418;255.28 ;159.42 ;1893667.04 ;1182577.56 
C0543;Australia y Oceanía;Tonga;Cereales;P0003;Alta;17/02/2022;354335105;7/04/2022;4487;205.70 ;117.11 ;922975.90 ;525472.57 
C0881;Asia;Malaysia;Cárnicos;P0002;Crítica;18/01/2020;588117730;11/02/2020;5960;421.89 ;364.69 ;2514464.40 ;2173552.40 
C0722;África;Egypt;Bebida;P0009;Crítica;21/05/2020;572249782;21/05/2020;282;47.45 ;31.79 ;13380.90 ;8964.78 
C0114;África;Saudi Arabia;Doméstico;P0012;Baja;16/04/2021;711467587;23/05/2021;7924;668.27 ;502.54 ;5295371.48 ;3982126.96 
C0808;Centroamérica y Caribe;Panama;Material de oficina;P0008;Crítica;26/09/2022;580819976;24/10/2022;6393;651.21 ;524.96 ;4163185.53 ;3356069.28 
C0756;Centroamérica y Caribe;Haiti;Material de oficina;P0008;Media;27/03/2022;275668275;30/04/2022;5223;651.21 ;524.96 ;3401269.83 ;2741866.08 
C0616;África;Mauritania;Cereales;P0003;Alta;30/12/2021;861686313;30/12/2021;983;205.70 ;117.11 ;202203.10 ;115119.13 
C0248;África;The Gambia;Cárnicos;P0002;Crítica;8/10/2021;324860417;18/11/2021;2271;421.89 ;364.69 ;958112.19 ;828210.99 
C0214;Europa;Ireland;Snacks;P0001;Crítica;12/04/2020;321489417;13/04/2020;4718;152.58 ;97.44 ;719872.44 ;459721.92 
C0281;Europa;San Marino;Cosméticos;P0006;Baja;14/05/2022;328184640;29/06/2022;5983;437.20 ;263.33 ;2615767.60 ;1575503.39 
C0918;África;United Arab Emirates;Material de oficina;P0008;Baja;30/05/2020;791869914;22/06/2020;760;651.21 ;524.96 ;494919.60 ;398969.60 
C0797;África;Mauritania;Cuidado personal;P0007;Media;28/06/2021;879781568;17/08/2021;5771;81.73 ;56.67 ;471663.83 ;327042.57 
C0294;Centroamérica y Caribe;Nicaragua;Cárnicos;P0002;Crítica;19/03/2020;729468429;13/04/2020;4773;421.89 ;364.69 ;2013680.97 ;1740665.37 
C0987;Asia;Malaysia;Ropa;P0011;Alta;5/03/2020;998791825;21/03/2020;3551;109.28 ;35.84 ;388053.28 ;127267.84 
C0159;África;Zambia;Cosméticos;P0006;Alta;30/01/2021;615925586;25/02/2021;4923;437.20 ;263.33 ;2152335.60 ;1296373.59 
C0293;África;Malawi;Frutas;P0004;Baja;7/03/2020;829356038;29/03/2020;3737;9.33 ;6.92 ;34866.21 ;25860.04 
C0578;África;Lesotho;Cuidado personal;P0007;Alta;9/04/2022;257882010;17/04/2022;1872;81.73 ;56.67 ;152998.56 ;106086.24 
C0406;África;Malawi;Cárnicos;P0002;Baja;11/02/2021;740614831;15/02/2021;3241;421.89 ;364.69 ;1367345.49 ;1181960.29 
C0869;África;Iraq;Cárnicos;P0002;Crítica;19/11/2020;586978328;6/12/2020;8786;421.89 ;364.69 ;3706725.54 ;3204166.34 
C0267;Asia;Turkmenistan;Doméstico;P0012;Media;9/06/2020;426708829;25/06/2020;1480;668.27 ;502.54 ;989039.60 ;743759.20 
C0598;África;United Arab Emirates;Material de oficina;P0008;Baja;19/06/2020;959855163;28/06/2020;1328;651.21 ;524.96 ;864806.88 ;697146.88 
C0067;Asia;Maldives;Doméstico;P0012;Alta;20/01/2022;706778657;7/02/2022;366;668.27 ;502.54 ;244586.82 ;183929.64 
C0581;Europa;Romania;Doméstico;P0012;Crítica;29/05/2022;958153140;1/06/2022;7661;668.27 ;502.54 ;5119616.47 ;3849958.94 
C0249;África;Lebanon;Cosméticos;P0006;Crítica;28/12/2021;824964940;5/02/2022;4313;437.20 ;263.33 ;1885643.60 ;1135742.29 
C0885;Europa;Portugal;Cosméticos;P0006;Alta;30/03/2020;388512885;3/05/2020;8451;437.20 ;263.33 ;3694777.20 ;2225401.83 
C0504;Europa;Bosnia and Herzegovina;Material de oficina;P0008;Crítica;22/09/2022;250408303;7/10/2022;236;651.21 ;524.96 ;153685.56 ;123890.56 
C0825;África;Iraq;Snacks;P0001;Crítica;10/07/2022;182575023;24/08/2022;6861;152.58 ;97.44 ;1046851.38 ;668535.84 
C0772;Europa;Moldova ;Ropa;P0011;Crítica;18/09/2021;477249372;6/11/2021;7549;109.28 ;35.84 ;824954.72 ;270556.16 
C0969;África;Liberia;Cereales;P0003;Alta;6/05/2021;596980178;17/06/2021;8556;205.70 ;117.11 ;1759969.20 ;1001993.16 
C0246;África;Sudan;Alimento infantil;P0005;Baja;1/01/2020;524628770;3/01/2020;8166;255.28 ;159.42 ;2084616.48 ;1301823.72 
C0133;África;Democratic Republic of the Congo;Cosméticos;P0006;Media;18/12/2020;313368976;2/02/2021;1698;437.20 ;263.33 ;742365.60 ;447134.34 
C0366;África;Morocco;Snacks;P0001;Media;13/03/2022;536687123;15/03/2022;6501;152.58 ;97.44 ;991922.58 ;633457.44 
C0383;Centroamérica y Caribe;Saint Vincent and the Grenadines;Frutas;P0004;Media;20/08/2020;938382041;29/09/2020;6954;9.33 ;6.92 ;64880.82 ;48121.68 
C0825;África;Pakistan;Doméstico;P0012;Baja;12/03/2022;882565057;19/04/2022;9468;668.27 ;502.54 ;6327180.36 ;4758048.72 
C0036;Europa;Sweden;Cereales;P0003;Alta;27/04/2020;703659999;14/05/2020;7485;205.70 ;117.11 ;1539664.50 ;876568.35 
C0564;Australia y Oceanía;Palau;Cuidado personal;P0007;Crítica;24/04/2020;356403195;3/05/2020;6480;81.73 ;56.67 ;529610.40 ;367221.60 
C0658;Europa;Poland;Cereales;P0003;Crítica;15/09/2020;765843474;21/10/2020;8958;205.70 ;117.11 ;1842660.60 ;1049071.38 
C0773;África;Equatorial Guinea;Cárnicos;P0002;Crítica;15/06/2020;677342164;15/07/2020;9453;421.89 ;364.69 ;3988126.17 ;3447414.57 
C0065;Australia y Oceanía;Kiribati;Doméstico;P0012;Media;30/04/2020;706573092;15/05/2020;9535;668.27 ;502.54 ;6371954.45 ;4791718.90 
C0895;Asia;Myanmar;Cereales;P0003;Crítica;6/07/2021;189522588;1/08/2021;2800;205.70 ;117.11 ;575960.00 ;327908.00 
C0324;Centroamérica y Caribe;Haiti;Doméstico;P0012;Crítica;18/04/2021;332489478;26/05/2021;9880;668.27 ;502.54 ;6602507.60 ;4965095.20 
C0620;África;Mauritius ;Snacks;P0001;Media;26/03/2020;162085092;2/05/2020;3435;152.58 ;97.44 ;524112.30 ;334706.40 
C0752;Europa;Luxembourg;Cereales;P0003;Crítica;18/09/2020;575233256;5/11/2020;3158;205.70 ;117.11 ;649600.60 ;369833.38 
C0891;Australia y Oceanía;Tonga;Ropa;P0011;Baja;31/08/2022;289170300;11/09/2022;773;109.28 ;35.84 ;84473.44 ;27704.32 
C0914;Europa;Ukraine;Verduras;P0010;Alta;16/02/2022;791445052;19/02/2022;5033;154.06 ;90.93 ;775383.98 ;457650.69 
C0899;África;Sudan;Snacks;P0001;Alta;7/04/2021;489918839;21/04/2021;6727;152.58 ;97.44 ;1026405.66 ;655478.88 
C0627;Europa;France;Doméstico;P0012;Baja;19/03/2021;562765491;11/04/2021;3669;668.27 ;502.54 ;2451882.63 ;1843819.26 
C0084;Asia;Laos;Ropa;P0011;Media;25/08/2020;908471333;16/09/2020;5711;109.28 ;35.84 ;624098.08 ;204682.24 
C0958;Centroamérica y Caribe;Dominica;Cosméticos;P0006;Crítica;31/01/2020;595835196;12/03/2020;9730;437.20 ;263.33 ;4253956.00 ;2562200.90 
C0139;Europa;Estonia;Snacks;P0001;Alta;3/06/2020;113968408;26/06/2020;4639;152.58 ;97.44 ;707818.62 ;452024.16 
C0222;África;Afghanistan;Cuidado personal;P0007;Crítica;23/07/2021;922294795;11/09/2021;6380;81.73 ;56.67 ;521437.40 ;361554.60 
C0005;África;Eritrea;Frutas;P0004;Crítica;29/11/2020;500550687;16/12/2020;2926;9.33 ;6.92 ;27299.58 ;20247.92 
C0987;África;Oman;Cárnicos;P0002;Alta;8/08/2020;898784911;15/08/2020;9283;421.89 ;364.69 ;3916404.87 ;3385417.27 
C0873;Centroamérica y Caribe;Cuba;Snacks;P0001;Media;18/04/2020;187358796;6/05/2020;2486;152.58 ;97.44 ;379313.88 ;242235.84 
C0069;África;Oman;Cereales;P0003;Crítica;23/06/2021;106946170;27/07/2021;6603;205.70 ;117.11 ;1358237.10 ;773277.33 
C0185;Europa;Luxembourg;Material de oficina;P0008;Alta;29/04/2020;218533360;2/05/2020;7733;651.21 ;524.96 ;5035806.93 ;4059515.68 
C0534;África;Namibia;Material de oficina;P0008;Baja;27/07/2020;153419196;7/08/2020;9004;651.21 ;524.96 ;5863494.84 ;4726739.84 
C0632;Asia;India;Frutas;P0004;Alta;12/08/2020;963215005;21/08/2020;5580;9.33 ;6.92 ;52061.40 ;38613.60 
C0698;Australia y Oceanía;Palau;Verduras;P0010;Alta;14/09/2020;169844615;19/10/2020;9651;154.06 ;90.93 ;1486833.06 ;877565.43 
C0155;Europa;Serbia;Cuidado personal;P0007;Alta;26/06/2021;315544354;4/08/2021;5441;81.73 ;56.67 ;444692.93 ;308341.47 
C0128;África;Mauritania;Verduras;P0010;Crítica;26/07/2022;412863051;5/08/2022;4206;154.06 ;90.93 ;647976.36 ;382451.58 
C0946;Asia;Maldives;Frutas;P0004;Alta;10/02/2021;894662034;13/02/2021;9232;9.33 ;6.92 ;86134.56 ;63885.44 
C0641;África;Liberia;Cuidado personal;P0007;Crítica;31/10/2021;464115130;9/11/2021;836;81.73 ;56.67 ;68326.28 ;47376.12 
C0447;Europa;Greece;Bebida;P0009;Media;4/04/2021;144708669;5/05/2021;1366;47.45 ;31.79 ;64816.70 ;43425.14 
C0302;Centroamérica y Caribe;Dominica;Frutas;P0004;Baja;11/08/2020;130241477;23/08/2020;202;9.33 ;6.92 ;1884.66 ;1397.84 
C0348;Asia;Vietnam;Cereales;P0003;Crítica;10/07/2021;234824883;19/07/2021;8756;205.70 ;117.11 ;1801109.20 ;1025415.16 
C0428;Asia;Sri Lanka;Cereales;P0003;Alta;24/09/2021;342882716;9/10/2021;5470;205.70 ;117.11 ;1125179.00 ;640591.70 
C0591;Europa;Portugal;Doméstico;P0012;Media;28/03/2022;859151303;6/05/2022;818;668.27 ;502.54 ;546644.86 ;411077.72 
C0586;Norteamérica;United States of America;Cárnicos;P0002;Crítica;26/02/2020;458679473;22/03/2020;2304;421.89 ;364.69 ;972034.56 ;840245.76 
C0368;Centroamérica y Caribe;Jamaica;Snacks;P0001;Crítica;30/07/2021;136828553;2/09/2021;9464;152.58 ;97.44 ;1444017.12 ;922172.16 
C0592;Europa;Cyprus;Alimento infantil;P0005;Alta;19/02/2020;959272372;1/03/2020;8867;255.28 ;159.42 ;2263567.76 ;1413577.14 
C0119;África;Iran;Cereales;P0003;Media;18/04/2021;911997258;7/05/2021;9110;205.70 ;117.11 ;1873927.00 ;1066872.10 
C0513;Asia;Sri Lanka;Verduras;P0010;Crítica;4/12/2020;751302039;10/12/2020;5824;154.06 ;90.93 ;897245.44 ;529576.32 
C0537;Australia y Oceanía;East Timor;Snacks;P0001;Media;2/01/2021;853798043;5/02/2021;6669;152.58 ;97.44 ;1017556.02 ;649827.36 
C0664;África;Niger;Cárnicos;P0002;Crítica;29/06/2022;766409099;3/07/2022;6338;421.89 ;364.69 ;2673938.82 ;2311405.22 
C0563;Australia y Oceanía;Australia;Frutas;P0004;Media;10/01/2021;556371533;9/02/2021;1555;9.33 ;6.92 ;14508.15 ;10760.60 
C0612;África;Botswana;Alimento infantil;P0005;Media;29/08/2022;361234176;11/09/2022;6075;255.28 ;159.42 ;1550826.00 ;968476.50 
C0388;Europa;Portugal;Frutas;P0004;Media;27/05/2022;838858354;16/06/2022;5683;9.33 ;6.92 ;53022.39 ;39326.36 
C0174;Asia;South Korea;Bebida;P0009;Alta;26/10/2022;917417895;28/10/2022;3197;47.45 ;31.79 ;151697.65 ;101632.63 
C0453;Asia;Philippines;Cárnicos;P0002;Media;28/02/2021;945399129;29/03/2021;3466;421.89 ;364.69 ;1462270.74 ;1264015.54 
C0416;Centroamérica y Caribe;Saint Vincent and the Grenadines;Cárnicos;P0002;Baja;23/03/2022;441600883;27/03/2022;8369;421.89 ;364.69 ;3530797.41 ;3052090.61 
C0451;Centroamérica y Caribe;Panama;Verduras;P0010;Crítica;20/08/2022;345134484;7/10/2022;1818;154.06 ;90.93 ;280081.08 ;165310.74 
C0654;Europa;Italy;Cárnicos;P0002;Crítica;4/11/2020;765423762;18/11/2020;4756;421.89 ;364.69 ;2006508.84 ;1734465.64 
C0322;Asia;Tajikistan;Alimento infantil;P0005;Media;6/06/2021;532205045;1/07/2021;154;255.28 ;159.42 ;39313.12 ;24550.68 
C0455;Europa;Montenegro;Verduras;P0010;Media;21/03/2022;345527160;28/04/2022;8020;154.06 ;90.93 ;1235561.20 ;729258.60 
C0257;África;Sao Tome and Principe;Verduras;P0010;Crítica;10/06/2021;525751435;5/07/2021;388;154.06 ;90.93 ;59775.28 ;35280.84 
C0635;África;Somalia;Verduras;P0010;Baja;8/01/2022;563551700;24/02/2022;6326;154.06 ;90.93 ;974583.56 ;575223.18 
C0699;Europa;Italy;Alimento infantil;P0005;Baja;25/07/2021;469914281;18/08/2021;6933;255.28 ;159.42 ;1769856.24 ;1105258.86 
C0261;Europa;Poland;Cárnicos;P0002;Alta;14/05/2022;326138007;4/06/2022;339;421.89 ;364.69 ;143020.71 ;123629.91 
C0338;Europa;Ukraine;Material de oficina;P0008;Crítica;29/05/2021;733834207;9/06/2021;6704;651.21 ;524.96 ;4365711.84 ;3519331.84 
C0649;Asia;Cambodia;Doméstico;P0012;Crítica;12/05/2020;564926707;19/05/2020;3221;668.27 ;502.54 ;2152497.67 ;1618681.34 
C0116;Europa;Bosnia and Herzegovina;Ropa;P0011;Crítica;19/04/2021;111651837;25/05/2021;9115;109.28 ;35.84 ;996087.20 ;326681.60 
C0365;Asia;Philippines;Verduras;P0010;Media;28/05/2022;636558425;8/06/2022;639;154.06 ;90.93 ;98444.34 ;58104.27 
C0225;Asia;Japan;Snacks;P0001;Alta;9/04/2022;322507798;21/04/2022;6079;152.58 ;97.44 ;927533.82 ;592337.76 
C0226;Asia;Turkmenistan;Ropa;P0011;Alta;25/04/2021;122673785;29/04/2021;754;109.28 ;35.84 ;82397.12 ;27023.36 
C0105;Europa;Andorra;Verduras;P0010;Media;12/05/2020;610542714;29/05/2020;2012;154.06 ;90.93 ;309968.72 ;182951.16 
C0299;África;Kenya;Alimento infantil;P0005;Baja;23/01/2022;629913413;9/02/2022;4232;255.28 ;159.42 ;1080344.96 ;674665.44 
C0448;África;Mozambique;Ropa;P0011;Alta;24/11/2020;444897210;1/01/2021;3826;109.28 ;35.84 ;418105.28 ;137123.84 
C0899;Australia y Oceanía;Solomon Islands;Snacks;P0001;Alta;3/10/2021;389917933;18/11/2021;4236;152.58 ;97.44 ;646328.88 ;412755.84 
C0197;África;Democratic Republic of the Congo;Cosméticos;P0006;Alta;7/05/2021;419711911;1/06/2021;936;437.20 ;263.33 ;409219.20 ;246476.88 
C0593;África;Uganda;Ropa;P0011;Baja;27/01/2021;559327971;15/03/2021;6431;109.28 ;35.84 ;702779.68 ;230487.04 
C0541;Europa;Albania;Material de oficina;P0008;Alta;29/09/2022;454127442;12/11/2022;5257;651.21 ;524.96 ;3423410.97 ;2759714.72 
C0197;Australia y Oceanía;Samoa ;Cereales;P0003;Crítica;1/06/2021;719784152;11/07/2021;8981;205.70 ;117.11 ;1847391.70 ;1051764.91 
C0922;Asia;Indonesia;Verduras;P0010;Alta;16/02/2021;692284429;7/03/2021;1201;154.06 ;90.93 ;185026.06 ;109206.93 
C0779;África;South Africa;Snacks;P0001;Baja;12/01/2022;677927100;18/01/2022;2549;152.58 ;97.44 ;388926.42 ;248374.56 
C0033;África;Malawi;Cereales;P0003;Baja;27/10/2021;603323495;6/12/2021;5684;205.70 ;117.11 ;1169198.80 ;665653.24 
C0653;Europa;United Kingdom;Ropa;P0011;Baja;11/01/2020;465397441;23/02/2020;300;109.28 ;35.84 ;32784.00 ;10752.00 
C0813;Centroamérica y Caribe;Jamaica;Alimento infantil;P0005;Alta;17/04/2022;781385266;22/04/2022;8119;255.28 ;159.42 ;2072618.32 ;1294330.98 
C0388;Asia;Nepal;Material de oficina;P0008;Media;21/10/2021;338835799;26/10/2021;7898;651.21 ;524.96 ;5143256.58 ;4146134.08 
C0456;África;Mali;Alimento infantil;P0005;Crítica;20/09/2020;245610368;22/10/2020;421;255.28 ;159.42 ;107472.88 ;67115.82 
C0798;Asia;China;Alimento infantil;P0005;Alta;7/03/2020;779882800;21/03/2020;3506;255.28 ;159.42 ;895011.68 ;558926.52 
C0401;África;Togo;Cuidado personal;P0007;Baja;19/09/2021;940139424;2/11/2021;7002;81.73 ;56.67 ;572273.46 ;396803.34 
C0951;Australia y Oceanía;Solomon Islands;Doméstico;P0012;Alta;16/02/2020;695179069;16/02/2020;7790;668.27 ;502.54 ;5205823.30 ;3914786.60 
C0341;África;Central African Republic;Frutas;P0004;Crítica;12/01/2022;534113061;10/02/2022;4779;9.33 ;6.92 ;44588.07 ;33070.68 
C0163;África;Swaziland;Cosméticos;P0006;Baja;10/08/2021;116365230;20/08/2021;3912;437.20 ;263.33 ;1710326.40 ;1030146.96 
C0216;África;United Arab Emirates;Cereales;P0003;Media;28/12/2021;521671903;6/02/2022;3164;205.70 ;117.11 ;650834.80 ;370536.04 
C0000;Australia y Oceanía;Fiji;Bebida;P0009;Baja;12/06/2022;200081908;12/06/2022;7538;47.45 ;31.79 ;357678.10 ;239633.02 
C0219;África;Swaziland;Cosméticos;P0006;Crítica;19/08/2022;821956574;27/09/2022;4071;437.20 ;263.33 ;1779841.20 ;1072016.43 
C0279;Europa;Vatican City;Verduras;P0010;Alta;7/03/2021;527969729;17/04/2021;6830;154.06 ;90.93 ;1052229.80 ;621051.90 
C0791;Asia;Thailand;Bebida;P0009;Baja;5/11/2022;679107701;7/11/2022;1915;47.45 ;31.79 ;90866.75 ;60877.85 
C0066;Europa;Georgia;Verduras;P0010;Alta;12/10/2022;906669318;24/10/2022;2454;154.06 ;90.93 ;378063.24 ;223142.22 
C0622;África;Guinea-Bissau;Snacks;P0001;Baja;31/03/2022;462265908;19/04/2022;3610;152.58 ;97.44 ;550813.80 ;351758.40 
C0678;Europa;Estonia;Snacks;P0001;Baja;28/06/2021;467821300;9/07/2021;7573;152.58 ;97.44 ;1155488.34 ;737913.12 
C0655;África;Swaziland;Cosméticos;P0006;Alta;26/02/2021;765571820;7/04/2021;8569;437.20 ;263.33 ;3746366.80 ;2256474.77 
C0680;Centroamérica y Caribe;Trinidad and Tobago;Cosméticos;P0006;Crítica;9/11/2020;368066298;24/12/2020;7852;437.20 ;263.33 ;3432894.40 ;2067667.16 
C0081;África;Ghana;Doméstico;P0012;Media;12/08/2020;608166062;9/09/2020;8707;668.27 ;502.54 ;5818626.89 ;4375615.78 
C0890;África;Djibouti;Ropa;P0011;Alta;10/04/2022;189044940;12/05/2022;1454;109.28 ;35.84 ;158893.12 ;52111.36 
C0341;Australia y Oceanía;New Zealand;Cereales;P0003;Crítica;15/05/2022;134189260;24/05/2022;8439;205.70 ;117.11 ;1735902.30 ;988291.29 
C0373;África;Syria;Cuidado personal;P0007;Baja;17/02/2022;637397849;21/02/2022;9043;81.73 ;56.67 ;739084.39 ;512466.81 
C0127;Europa;Albania;Ropa;P0011;Alta;26/04/2020;612782037;19/05/2020;4677;109.28 ;35.84 ;511102.56 ;167623.68 
C0447;Asia;Taiwan;Material de oficina;P0008;Crítica;24/05/2020;844765651;1/06/2020;3783;651.21 ;524.96 ;2463527.43 ;1985923.68 
C0380;África;Ethiopia;Bebida;P0009;Media;2/07/2020;838085019;21/07/2020;6836;47.45 ;31.79 ;324368.20 ;217316.44 
C0677;Europa;United Kingdom;Snacks;P0001;Media;11/08/2020;167788970;11/08/2020;1340;152.58 ;97.44 ;204457.20 ;130569.60 
C0292;África;Cape Verde;Material de oficina;P0008;Baja;5/02/2021;729238831;16/02/2021;6830;651.21 ;524.96 ;4447764.30 ;3585476.80 
C0881;África;Tanzania;Alimento infantil;P0005;Media;24/04/2021;888108432;13/06/2021;9876;255.28 ;159.42 ;2521145.28 ;1574431.92 
C0303;Centroamérica y Caribe;Trinidad and Tobago;Snacks;P0001;Alta;1/01/2021;430384099;27/01/2021;9074;152.58 ;97.44 ;1384510.92 ;884170.56 
C0123;África;Togo;Cereales;P0003;Alta;1/10/2021;112364661;9/11/2021;55;205.70 ;117.11 ;11313.50 ;6441.05 
C0106;Europa;Montenegro;Doméstico;P0012;Alta;7/09/2022;310661447;8/09/2022;480;668.27 ;502.54 ;320769.60 ;241219.20 
C0721;Europa;Russia;Ropa;P0011;Media;23/11/2021;572198283;6/12/2021;5042;109.28 ;35.84 ;550989.76 ;180705.28 
C0642;Asia;Nepal;Cereales;P0003;Media;29/09/2020;964211499;7/11/2020;464;205.70 ;117.11 ;95444.80 ;54339.04 
C0242;África;Kenya;Doméstico;P0012;Alta;4/06/2022;724249923;3/07/2022;501;668.27 ;502.54 ;334803.27 ;251772.54 
C0101;África;Zimbabwe;Alimento infantil;P0005;Crítica;11/12/2021;510174882;12/12/2021;940;255.28 ;159.42 ;239963.20 ;149854.80 
C0501;África;Turkey;Bebida;P0009;Alta;15/11/2021;150160205;22/11/2021;4596;47.45 ;31.79 ;218080.20 ;146106.84 
C0926;Europa;Portugal;Bebida;P0009;Media;27/04/2022;892692220;11/05/2022;6320;47.45 ;31.79 ;299884.00 ;200912.80 
C0565;Centroamérica y Caribe;Costa Rica;Doméstico;P0012;Media;11/05/2022;456569755;9/06/2022;7991;668.27 ;502.54 ;5340145.57 ;4015797.14 
C0809;Norteamérica;Canada;Material de oficina;P0008;Media;23/06/2021;680904138;11/07/2021;3520;651.21 ;524.96 ;2292259.20 ;1847859.20 
C0751;Centroamérica y Caribe;Trinidad and Tobago;Doméstico;P0012;Media;25/12/2020;775119197;2/02/2021;3850;668.27 ;502.54 ;2572839.50 ;1934779.00 
C0689;África;Iran;Cárnicos;P0002;Baja;7/08/2022;468951261;19/08/2022;1954;421.89 ;364.69 ;824373.06 ;712604.26 
C0624;África;Burundi;Material de oficina;P0008;Baja;16/04/2021;462449157;31/05/2021;7837;651.21 ;524.96 ;5103532.77 ;4114111.52 
C0759;África;Cameroon;Cosméticos;P0006;Alta;3/01/2021;175974214;13/01/2021;3535;437.20 ;263.33 ;1545502.00 ;930871.55 
C0002;Asia;Maldives;Cosméticos;P0006;Baja;24/10/2021;900200259;10/11/2021;8116;437.20 ;263.33 ;3548315.20 ;2137186.28 
C0461;Centroamérica y Caribe;Nicaragua;Cereales;P0003;Crítica;25/04/2021;846113622;3/06/2021;2678;205.70 ;117.11 ;550864.60 ;313620.58 
C0950;Europa;Ukraine;Alimento infantil;P0005;Alta;22/10/2021;995013129;27/11/2021;5351;255.28 ;159.42 ;1366003.28 ;853056.42 
C0485;África;Madagascar;Cuidado personal;P0007;Crítica;9/04/2020;148510110;14/05/2020;6297;81.73 ;56.67 ;514653.81 ;356850.99 
C0785;Australia y Oceanía;Australia;Ropa;P0011;Media;27/03/2021;778528392;14/05/2021;2707;109.28 ;35.84 ;295820.96 ;97018.88 
C0773;África;Somalia;Bebida;P0009;Media;22/01/2021;477304303;23/01/2021;3805;47.45 ;31.79 ;180547.25 ;120960.95 
C0073;Europa;San Marino;Snacks;P0001;Alta;13/10/2020;507386672;22/10/2020;5846;152.58 ;97.44 ;891982.68 ;569634.24 
C0516;África;Turkey;Snacks;P0001;Crítica;10/11/2021;851636826;10/11/2021;7117;152.58 ;97.44 ;1085911.86 ;693480.48 
C0632;Centroamérica y Caribe;Grenada;Cárnicos;P0002;Alta;4/11/2021;663228595;15/12/2021;2934;421.89 ;364.69 ;1237825.26 ;1070000.46 
C0156;Europa;Lithuania;Cereales;P0003;Baja;25/07/2021;515648305;3/08/2021;647;205.70 ;117.11 ;133087.90 ;75770.17 
C0526;Australia y Oceanía;Papua New Guinea;Bebida;P0009;Alta;23/10/2020;152694785;16/11/2020;4635;47.45 ;31.79 ;219930.75 ;147346.65 
C0384;Europa;Serbia;Cereales;P0003;Alta;23/08/2022;738479363;7/09/2022;1309;205.70 ;117.11 ;269261.30 ;153296.99 
C0074;Europa;Ukraine;Snacks;P0001;Media;5/07/2020;807425868;7/07/2020;4112;152.58 ;97.44 ;627408.96 ;400673.28 
C0142;Norteamérica;Greenland;Bebida;P0009;Crítica;24/07/2022;314270627;12/08/2022;8517;47.45 ;31.79 ;404131.65 ;270755.43 
C0840;Europa;Lithuania;Doméstico;P0012;Baja;15/08/2021;184062469;20/09/2021;7030;668.27 ;502.54 ;4697938.10 ;3532856.20 
C0621;África;South Sudan;Cuidado personal;P0007;Baja;10/05/2022;962162721;15/06/2022;4185;81.73 ;56.67 ;342040.05 ;237163.95 
C0642;Asia;Maldives;Ropa;P0011;Crítica;7/09/2022;564245212;19/10/2022;1552;109.28 ;35.84 ;169602.56 ;55623.68 
C0262;Asia;Kazakhstan;Doméstico;P0012;Media;3/12/2020;126296269;12/01/2021;2728;668.27 ;502.54 ;1823040.56 ;1370929.12 
C0546;África;Kuwait;Cosméticos;P0006;Baja;2/02/2020;854614722;5/02/2020;8343;437.20 ;263.33 ;3647559.60 ;2196962.19 
C0758;África;Rwanda;Cuidado personal;P0007;Alta;23/09/2020;875811898;13/10/2020;1058;81.73 ;56.67 ;86470.34 ;59956.86 
C0868;África;Cameroon;Cuidado personal;P0007;Crítica;18/05/2022;186811625;3/06/2022;566;81.73 ;56.67 ;46259.18 ;32075.22 
C0048;Europa;Czech Republic;Cárnicos;P0002;Crítica;6/02/2022;204850232;6/03/2022;8591;421.89 ;364.69 ;3624456.99 ;3133051.79 
C0174;África;Equatorial Guinea;Doméstico;P0012;Crítica;28/08/2021;617476546;3/10/2021;3887;668.27 ;502.54 ;2597565.49 ;1953372.98 
C0325;África;Liberia;Frutas;P0004;Crítica;9/05/2020;732551896;5/06/2020;7240;9.33 ;6.92 ;67549.20 ;50100.80 
C0282;África;The Gambia;Cuidado personal;P0007;Alta;8/03/2022;828250110;10/04/2022;6468;81.73 ;56.67 ;528629.64 ;366541.56 
C0030;África;Liberia;Cuidado personal;P0007;Media;8/02/2020;803057515;22/03/2020;1419;81.73 ;56.67 ;115974.87 ;80414.73 
C0257;Europa;Monaco;Material de oficina;P0008;Media;7/05/2020;625772941;15/06/2020;8974;651.21 ;524.96 ;5843958.54 ;4710991.04 
C0855;Asia;Thailand;Snacks;P0001;Alta;17/12/2020;785507714;31/12/2020;8043;152.58 ;97.44 ;1227200.94 ;783709.92 
C0416;África;Cape Verde;Bebida;P0009;Crítica;1/11/2021;941685664;21/12/2021;4569;47.45 ;31.79 ;216799.05 ;145248.51 
C0740;África;Rwanda;Frutas;P0004;Media;22/05/2020;374043118;2/07/2020;6526;9.33 ;6.92 ;60887.58 ;45159.92 
C0326;África;Chad;Cuidado personal;P0007;Media;10/08/2021;232628905;1/09/2021;8917;81.73 ;56.67 ;728786.41 ;505326.39 
C0878;África;Turkey;Cuidado personal;P0007;Baja;15/04/2022;387804353;23/05/2022;8781;81.73 ;56.67 ;717671.13 ;497619.27 
C0802;África;Tanzania;Ropa;P0011;Crítica;23/01/2021;780243289;17/02/2021;183;109.28 ;35.84 ;19998.24 ;6558.72 
C0709;África;Togo;Cuidado personal;P0007;Media;8/09/2022;970932042;9/10/2022;9222;81.73 ;56.67 ;753714.06 ;522610.74 
C0911;Australia y Oceanía;Marshall Islands;Cárnicos;P0002;Alta;23/04/2022;591169440;4/06/2022;9029;421.89 ;364.69 ;3809244.81 ;3292786.01 
C0925;Centroamérica y Caribe;Cuba;Doméstico;P0012;Baja;14/03/2021;692566812;21/03/2021;4765;668.27 ;502.54 ;3184306.55 ;2394603.10 
C0970;África;Guinea-Bissau;Material de oficina;P0008;Baja;16/06/2022;597047984;2/07/2022;8621;651.21 ;524.96 ;5614081.41 ;4525680.16 
C0468;Europa;Georgia;Bebida;P0009;Alta;3/01/2021;146849286;23/01/2021;4822;47.45 ;31.79 ;228803.90 ;153291.38 
C0545;Centroamérica y Caribe;The Bahamas;Frutas;P0004;Alta;9/03/2022;154519546;15/03/2022;4622;9.33 ;6.92 ;43123.26 ;31984.24 
C0529;Europa;Ukraine;Frutas;P0004;Crítica;16/04/2020;152920091;17/05/2020;1308;9.33 ;6.92 ;12203.64 ;9051.36 
C0452;África;Djibouti;Cereales;P0003;Crítica;13/01/2020;645224750;14/02/2020;5197;205.70 ;117.11 ;1069022.90 ;608620.67 
C0549;Centroamérica y Caribe;Honduras;Material de oficina;P0008;Crítica;20/10/2020;854919850;5/11/2020;8637;651.21 ;524.96 ;5624500.77 ;4534079.52 
C0758;Australia y Oceanía;Palau;Cereales;P0003;Crítica;19/12/2020;975804221;13/01/2021;1008;205.70 ;117.11 ;207345.60 ;118046.88 
C0219;Europa;Portugal;Doméstico;P0012;Baja;25/02/2022;821989190;11/03/2022;3723;668.27 ;502.54 ;2487969.21 ;1870956.42 
C0778;África;Iraq;Alimento infantil;P0005;Baja;5/02/2022;277898585;6/03/2022;5222;255.28 ;159.42 ;1333072.16 ;832491.24 
C0482;Asia;Philippines;Verduras;P0010;Baja;21/10/2021;648268735;17/11/2021;5979;154.06 ;90.93 ;921124.74 ;543670.47 
C0081;Centroamérica y Caribe;Barbados;Frutas;P0004;Crítica;31/03/2021;608148467;3/04/2021;3501;9.33 ;6.92 ;32664.33 ;24226.92 
C0528;África;Mozambique;Cereales;P0003;Baja;19/10/2020;252899110;5/11/2020;7321;205.70 ;117.11 ;1505929.70 ;857362.31 
C0481;Europa;Vatican City;Frutas;P0004;Alta;1/09/2022;648194491;17/09/2022;4009;9.33 ;6.92 ;37403.97 ;27742.28 
C0800;África;Kuwait;Snacks;P0001;Alta;20/11/2020;680020940;1/12/2020;2163;152.58 ;97.44 ;330030.54 ;210762.72 
C0046;África;Gabon;Alimento infantil;P0005;Crítica;3/10/2022;204677283;3/10/2022;7411;255.28 ;159.42 ;1891880.08 ;1181461.62 
C0987;Asia;Brunei;Ropa;P0011;Media;5/09/2021;498774850;22/10/2021;7417;109.28 ;35.84 ;810529.76 ;265825.28 
C0092;África;Iran;Frutas;P0004;Alta;22/06/2021;209237468;22/06/2021;6871;9.33 ;6.92 ;64106.43 ;47547.32 
C0033;Europa;Czech Republic;Cosméticos;P0006;Crítica;22/08/2020;303301465;16/09/2020;2498;437.20 ;263.33 ;1092125.60 ;657798.34 
C0185;Australia y Oceanía;Nauru;Cárnicos;P0002;Alta;14/05/2022;918515670;7/06/2022;8053;421.89 ;364.69 ;3397480.17 ;2936848.57 
C0127;Europa;Monaco;Snacks;P0001;Baja;1/09/2021;912741410;11/09/2021;9321;152.58 ;97.44 ;1422198.18 ;908238.24 
C0141;Europa;Vatican City;Cereales;P0003;Baja;9/02/2021;114152514;21/03/2021;9121;205.70 ;117.11 ;1876189.70 ;1068160.31 
C0712;África;Swaziland;Cuidado personal;P0007;Baja;18/10/2020;671235311;15/11/2020;2300;81.73 ;56.67 ;187979.00 ;130341.00 
C0027;Centroamérica y Caribe;Barbados;Alimento infantil;P0005;Media;2/09/2022;302788627;3/10/2022;738;255.28 ;159.42 ;188396.64 ;117651.96 
C0479;Europa;Slovakia;Cuidado personal;P0007;Media;29/06/2020;847923791;16/07/2020;8347;81.73 ;56.67 ;682200.31 ;473024.49 
C0160;Australia y Oceanía;Tuvalu;Alimento infantil;P0005;Alta;20/04/2021;616064631;1/06/2021;6070;255.28 ;159.42 ;1549549.60 ;967679.40 
C0369;Europa;Austria;Frutas;P0004;Media;1/02/2021;236947476;28/02/2021;6879;9.33 ;6.92 ;64181.07 ;47602.68 
C0106;Australia y Oceanía;Tonga;Doméstico;P0012;Alta;16/07/2020;410621154;15/08/2020;779;668.27 ;502.54 ;520582.33 ;391478.66 
C0574;Centroamérica y Caribe;Dominica;Frutas;P0004;Baja;1/10/2020;557446992;24/10/2020;9807;9.33 ;6.92 ;91499.31 ;67864.44 
C0680;Australia y Oceanía;Samoa ;Cosméticos;P0006;Alta;13/10/2021;168098819;28/10/2021;3031;437.20 ;263.33 ;1325153.20 ;798153.23 
C0535;Australia y Oceanía;Kiribati;Verduras;P0010;Alta;30/03/2021;153562963;29/04/2021;1548;154.06 ;90.93 ;238484.88 ;140759.64 
C0951;Centroamérica y Caribe;Panama;Ropa;P0011;Baja;5/06/2021;595138251;4/07/2021;3489;109.28 ;35.84 ;381277.92 ;125045.76 
C0944;Asia;Uzbekistan;Alimento infantil;P0005;Baja;4/03/2022;294436013;11/04/2022;9014;255.28 ;159.42 ;2301093.92 ;1437011.88 
C0233;África;Swaziland;Alimento infantil;P0005;Crítica;16/04/2022;823380076;3/05/2022;5317;255.28 ;159.42 ;1357323.76 ;847636.14 
C0742;África;Saudi Arabia;Frutas;P0004;Alta;31/12/2020;674206769;15/02/2021;1620;9.33 ;6.92 ;15114.60 ;11210.40 
C0094;África;Zambia;Material de oficina;P0008;Alta;15/03/2022;209464919;20/04/2022;4179;651.21 ;524.96 ;2721406.59 ;2193807.84 
C0120;Norteamérica;Greenland;Alimento infantil;P0005;Alta;17/08/2021;312015855;3/09/2021;1280;255.28 ;159.42 ;326758.40 ;204057.60 
C0350;Asia;Turkmenistan;Cárnicos;P0002;Baja;21/07/2022;135033404;26/07/2022;8240;421.89 ;364.69 ;3476373.60 ;3005045.60 
C0520;Centroamérica y Caribe;El Salvador;Alimento infantil;P0005;Media;1/02/2020;252003896;2/03/2020;2408;255.28 ;159.42 ;614714.24 ;383883.36 
C0067;África;Pakistan;Alimento infantil;P0005;Alta;6/08/2022;406726157;13/08/2022;8163;255.28 ;159.42 ;2083850.64 ;1301345.46 
C0633;África;Libya;Cuidado personal;P0007;Media;15/09/2021;863311517;6/10/2021;1917;81.73 ;56.67 ;156676.41 ;108636.39 
C0561;Asia;Taiwan;Bebida;P0009;Crítica;20/04/2022;156183803;28/05/2022;7113;47.45 ;31.79 ;337511.85 ;226122.27 
C0400;Europa;Macedonia;Bebida;P0009;Baja;3/02/2021;940079343;17/03/2021;9223;47.45 ;31.79 ;437631.35 ;293199.17 
C0400;Australia y Oceanía;Solomon Islands;Doméstico;P0012;Alta;7/05/2022;540046966;9/05/2022;753;668.27 ;502.54 ;503207.31 ;378412.62 
C0014;Norteamérica;Mexico;Bebida;P0009;Media;22/02/2022;401447999;27/02/2022;6239;47.45 ;31.79 ;296040.55 ;198337.81 
C0399;África;Somalia;Cuidado personal;P0007;Alta;8/04/2021;239956271;30/04/2021;7248;81.73 ;56.67 ;592379.04 ;410744.16 
C0915;Asia;Taiwan;Frutas;P0004;Media;23/11/2020;291558110;1/01/2021;7379;9.33 ;6.92 ;68846.07 ;51062.68 
C0625;Centroamérica y Caribe;Cuba;Doméstico;P0012;Crítica;7/03/2021;862552344;5/04/2021;7261;668.27 ;502.54 ;4852308.47 ;3648942.94 
C0795;Australia y Oceanía;Federated States of Micronesia;Frutas;P0004;Crítica;3/09/2022;979550302;3/10/2022;9557;9.33 ;6.92 ;89166.81 ;66134.44 
C0394;Australia y Oceanía;Australia;Doméstico;P0012;Alta;17/01/2022;639475810;3/02/2022;3958;668.27 ;502.54 ;2645012.66 ;1989053.32 
C0595;Asia;Myanmar;Cereales;P0003;Alta;31/01/2022;359565198;1/03/2022;2187;205.70 ;117.11 ;449865.90 ;256119.57 
C0273;Europa;Montenegro;Cereales;P0003;Baja;9/09/2021;727367293;23/10/2021;3001;205.70 ;117.11 ;617305.70 ;351447.11 
C0507;África;Nigeria;Ropa;P0011;Media;2/03/2020;150743424;2/03/2020;7184;109.28 ;35.84 ;785067.52 ;257474.56 
C0078;Centroamérica y Caribe;The Bahamas;Verduras;P0010;Alta;4/07/2021;707867419;2/08/2021;2555;154.06 ;90.93 ;393623.30 ;232326.15 
C0972;África;Ethiopia;Snacks;P0001;Alta;13/07/2021;497225606;2/08/2021;8961;152.58 ;97.44 ;1367269.38 ;873159.84 
C0876;Australia y Oceanía;Nauru;Verduras;P0010;Alta;30/09/2020;387616813;5/10/2020;3283;154.06 ;90.93 ;505778.98 ;298523.19 
C0681;Centroamérica y Caribe;Haiti;Doméstico;P0012;Baja;27/01/2020;868152368;23/02/2020;4433;668.27 ;502.54 ;2962440.91 ;2227759.82 
C0982;Centroamérica y Caribe;Antigua and Barbuda ;Snacks;P0001;Alta;29/03/2022;698256099;14/04/2022;8351;152.58 ;97.44 ;1274195.58 ;813721.44 
C0576;Europa;Slovenia;Cárnicos;P0002;Baja;29/10/2021;957664334;18/11/2021;3013;421.89 ;364.69 ;1271154.57 ;1098810.97 
C0964;Norteamérica;Greenland;Material de oficina;P0008;Baja;12/12/2020;996425902;2/01/2021;3422;651.21 ;524.96 ;2228440.62 ;1796413.12 
C0849;África;Burundi;Cosméticos;P0006;Crítica;13/02/2022;684902131;28/02/2022;6615;437.20 ;263.33 ;2892078.00 ;1741927.95 
C0637;Europa;Czech Republic;Material de oficina;P0008;Alta;14/02/2021;863766849;24/03/2021;6660;651.21 ;524.96 ;4337058.60 ;3496233.60 
C0940;África;Equatorial Guinea;Material de oficina;P0008;Media;15/09/2022;194006383;22/10/2022;9655;651.21 ;524.96 ;6287432.55 ;5068488.80 
C0069;Centroamérica y Caribe;Dominican Republic;Ropa;P0011;Alta;7/01/2022;106919562;25/02/2022;8729;109.28 ;35.84 ;953905.12 ;312847.36 
C0541;Europa;Poland;Cuidado personal;P0007;Crítica;30/04/2020;754117715;24/05/2020;9045;81.73 ;56.67 ;739247.85 ;512580.15 
C0575;Europa;Albania;Frutas;P0004;Crítica;27/09/2020;557524669;16/11/2020;2794;9.33 ;6.92 ;26068.02 ;19334.48 
C0593;África;Sudan;Snacks;P0001;Baja;13/01/2021;259376752;10/02/2021;4200;152.58 ;97.44 ;640836.00 ;409248.00 
C0722;Norteamérica;Canada;Cárnicos;P0002;Baja;31/10/2020;672222793;17/12/2020;4517;421.89 ;364.69 ;1905677.13 ;1647304.73 
C0289;Europa;Czech Republic;Cereales;P0003;Baja;24/02/2020;428924119;6/03/2020;7033;205.70 ;117.11 ;1446688.10 ;823634.63 
C0326;África;Madagascar;Doméstico;P0012;Crítica;30/10/2020;932654559;9/11/2020;2065;668.27 ;502.54 ;1379977.55 ;1037745.10 
C0069;Europa;Estonia;Bebida;P0009;Alta;10/04/2022;506900441;10/04/2022;1960;47.45 ;31.79 ;93002.00 ;62308.40 
C0454;África;Ethiopia;Ropa;P0011;Media;4/11/2022;245460593;27/11/2022;6099;109.28 ;35.84 ;666498.72 ;218588.16 
C0624;África;Republic of the Congo;Snacks;P0001;Media;22/04/2021;862446343;26/05/2021;5893;152.58 ;97.44 ;899153.94 ;574213.92 
C0422;Europa;Croatia;Doméstico;P0012;Crítica;13/02/2021;442281520;14/03/2021;9785;668.27 ;502.54 ;6539021.95 ;4917353.90 
C0897;Europa;Switzerland;Bebida;P0009;Alta;5/06/2020;289702451;18/06/2020;8248;47.45 ;31.79 ;391367.60 ;262203.92 
C0797;África;Angola;Bebida;P0009;Crítica;23/01/2022;879757964;27/02/2022;8787;47.45 ;31.79 ;416943.15 ;279338.73 
C0078;Asia;Cambodia;Cereales;P0003;Alta;4/09/2020;507809388;5/09/2020;937;205.70 ;117.11 ;192740.90 ;109732.07 
C0395;África;Pakistan;Doméstico;P0012;Crítica;6/05/2021;239530551;17/05/2021;1268;668.27 ;502.54 ;847366.36 ;637220.72 
C0609;África;Malawi;Alimento infantil;P0005;Baja;13/12/2020;760907781;6/01/2021;8376;255.28 ;159.42 ;2138225.28 ;1335301.92 
C0282;África;Botswana;Cereales;P0003;Baja;29/01/2021;128239905;10/03/2021;7893;205.70 ;117.11 ;1623590.10 ;924349.23 
C0181;Centroamérica y Caribe;Saint Vincent and the Grenadines;Alimento infantil;P0005;Crítica;8/11/2020;518138253;28/11/2020;7478;255.28 ;159.42 ;1908983.84 ;1192142.76 
C0775;Australia y Oceanía;Kiribati;Snacks;P0001;Alta;26/03/2021;577526652;10/04/2021;1825;152.58 ;97.44 ;278458.50 ;177828.00 
C0736;Centroamérica y Caribe;Honduras;Material de oficina;P0008;Baja;18/09/2020;373641431;28/10/2020;7657;651.21 ;524.96 ;4986314.97 ;4019618.72 
C0440;África;Israel;Cárnicos;P0002;Baja;27/06/2022;944031417;12/08/2022;8730;421.89 ;364.69 ;3683099.70 ;3183743.70 
C0465;Asia;Brunei;Bebida;P0009;Baja;27/07/2021;246557939;14/09/2021;828;47.45 ;31.79 ;39288.60 ;26322.12 
C0093;África;Senegal;Material de oficina;P0008;Baja;9/07/2020;809394824;9/07/2020;6770;651.21 ;524.96 ;4408691.70 ;3553979.20 
C0810;Europa;Iceland;Verduras;P0010;Alta;24/04/2022;281028401;14/05/2022;1404;154.06 ;90.93 ;216300.24 ;127665.72 
C0802;Centroamérica y Caribe;Haiti;Material de oficina;P0008;Baja;20/04/2020;880257499;1/05/2020;6610;651.21 ;524.96 ;4304498.10 ;3469985.60 
C0461;Europa;Switzerland;Alimento infantil;P0005;Media;20/07/2022;846193444;2/09/2022;6299;255.28 ;159.42 ;1608008.72 ;1004186.58 
C0882;Europa;Italy;Cárnicos;P0002;Alta;18/10/2021;288260066;10/11/2021;1414;421.89 ;364.69 ;596552.46 ;515671.66 
C0361;Europa;Romania;Cereales;P0003;Media;12/08/2022;736193692;1/09/2022;4928;205.70 ;117.11 ;1013689.60 ;577118.08 
C0900;Europa;Georgia;Cereales;P0003;Crítica;30/10/2022;190043151;13/12/2022;6846;205.70 ;117.11 ;1408222.20 ;801735.06 
C0701;Norteamérica;United States of America;Cárnicos;P0002;Media;4/09/2020;770169770;18/09/2020;9205;421.89 ;364.69 ;3883497.45 ;3356971.45 
C0672;Australia y Oceanía;Kiribati;Material de oficina;P0008;Crítica;7/12/2021;167247378;18/01/2022;1071;651.21 ;524.96 ;697445.91 ;562232.16 
C0922;Europa;Bosnia and Herzegovina;Snacks;P0001;Crítica;8/05/2021;192262303;8/05/2021;3543;152.58 ;97.44 ;540590.94 ;345229.92 
C0265;África;Mauritius ;Cuidado personal;P0007;Media;23/03/2021;926513373;23/03/2021;4751;81.73 ;56.67 ;388299.23 ;269239.17 
C0716;Norteamérica;Greenland;Cárnicos;P0002;Media;23/05/2021;271611917;9/06/2021;4857;421.89 ;364.69 ;2049119.73 ;1771299.33 
C0994;África;Zimbabwe;Material de oficina;P0008;Crítica;31/08/2020;699481761;14/09/2020;1052;651.21 ;524.96 ;685072.92 ;552257.92 
C0023;Europa;Belgium;Ropa;P0011;Media;12/02/2021;702359235;1/03/2021;2560;109.28 ;35.84 ;279756.80 ;91750.40 
C0427;Europa;Luxembourg;Verduras;P0010;Media;9/12/2020;642793166;19/01/2021;5637;154.06 ;90.93 ;868436.22 ;512572.41 
C0036;África;Sudan;Material de oficina;P0008;Baja;28/07/2021;503644883;9/08/2021;8568;651.21 ;524.96 ;5579567.28 ;4497857.28 
C0380;África;Cote d'Ivoire;Cuidado personal;P0007;Alta;31/07/2020;338088214;18/09/2020;6670;81.73 ;56.67 ;545139.10 ;377988.90 
C0196;África;Rwanda;Cereales;P0003;Media;24/08/2021;719609487;21/09/2021;7293;205.70 ;117.11 ;1500170.10 ;854083.23 
C0920;Norteamérica;Mexico;Verduras;P0010;Media;14/09/2021;492007529;4/10/2021;4816;154.06 ;90.93 ;741952.96 ;437918.88 
C0193;Australia y Oceanía;Tuvalu;Verduras;P0010;Crítica;12/12/2020;819393670;16/12/2020;5651;154.06 ;90.93 ;870593.06 ;513845.43 
C0361;África;Guinea-Bissau;Frutas;P0004;Crítica;31/05/2021;236191737;1/06/2021;3239;9.33 ;6.92 ;30219.87 ;22413.88 
C0971;Europa;Greece;Cereales;P0003;Crítica;31/08/2022;497138059;12/10/2022;3054;205.70 ;117.11 ;628207.80 ;357653.94 
C0272;Centroamérica y Caribe;Haiti;Bebida;P0009;Baja;23/05/2020;727281463;11/07/2020;7601;47.45 ;31.79 ;360667.45 ;241635.79 
C0719;África;Yemen;Cárnicos;P0002;Media;11/02/2022;571983277;14/02/2022;1417;421.89 ;364.69 ;597818.13 ;516765.73 
C0469;Europa;Russia;Cuidado personal;P0007;Baja;13/01/2020;646917331;13/02/2020;6069;81.73 ;56.67 ;496019.37 ;343930.23 
C0880;África;Tunisia ;Alimento infantil;P0005;Media;18/01/2021;288069951;3/02/2021;5155;255.28 ;159.42 ;1315968.40 ;821810.10 
C0017;Asia;India;Verduras;P0010;Media;14/06/2022;701739966;16/07/2022;9305;154.06 ;90.93 ;1433528.30 ;846103.65 
C0145;Asia;Taiwan;Cereales;P0003;Alta;9/12/2021;914538705;26/12/2021;1181;205.70 ;117.11 ;242931.70 ;138306.91 
C0233;África;Morocco;Snacks;P0001;Alta;23/11/2021;923389995;9/01/2022;474;152.58 ;97.44 ;72322.92 ;46186.56 
C0455;África;Zimbabwe;Bebida;P0009;Media;1/04/2022;345530164;9/04/2022;8909;47.45 ;31.79 ;422732.05 ;283217.11 
C0685;África;Lebanon;Ropa;P0011;Baja;25/11/2021;668508040;25/12/2021;5240;109.28 ;35.84 ;572627.20 ;187801.60 
C0001;Australia y Oceanía;Federated States of Micronesia;Material de oficina;P0008;Alta;27/02/2020;300184953;29/02/2020;253;651.21 ;524.96 ;164756.13 ;132814.88 
C0187;Europa;Macedonia;Frutas;P0004;Baja;3/01/2021;418734729;6/01/2021;1766;9.33 ;6.92 ;16476.78 ;12220.72 
C0226;África;Ghana;Cosméticos;P0006;Media;11/04/2020;922643697;7/05/2020;9628;437.20 ;263.33 ;4209361.60 ;2535341.24 
C0807;Norteamérica;Greenland;Material de oficina;P0008;Alta;30/04/2021;880710685;19/06/2021;718;651.21 ;524.96 ;467568.78 ;376921.28 
C0820;África;Bahrain;Doméstico;P0012;Baja;20/03/2022;782047021;6/04/2022;3947;668.27 ;502.54 ;2637661.69 ;1983525.38 
C0860;Europa;Serbia;Alimento infantil;P0005;Crítica;29/10/2022;286076533;10/11/2022;5258;255.28 ;159.42 ;1342262.24 ;838230.36 
C0725;África;Lebanon;Alimento infantil;P0005;Alta;1/08/2020;472535550;29/08/2020;2625;255.28 ;159.42 ;670110.00 ;418477.50 
C0914;Europa;Monaco;Cárnicos;P0002;Alta;19/06/2020;691472899;7/08/2020;1052;421.89 ;364.69 ;443828.28 ;383653.88 
C0132;África;Iran;Alimento infantil;P0005;Alta;18/02/2022;813249909;10/03/2022;7575;255.28 ;159.42 ;1933746.00 ;1207606.50 
C0785;África;Mauritius ;Frutas;P0004;Media;12/05/2021;778540408;9/06/2021;6263;9.33 ;6.92 ;58433.79 ;43339.96 
C0483;Centroamérica y Caribe;Saint Kitts and Nevis ;Cárnicos;P0002;Crítica;17/01/2020;148330724;7/02/2020;3212;421.89 ;364.69 ;1355110.68 ;1171384.28 
C0539;Europa;Bulgaria;Frutas;P0004;Baja;27/11/2021;353919684;1/01/2022;1554;9.33 ;6.92 ;14498.82 ;10753.68 
C0469;Europa;Italy;Ropa;P0011;Media;1/07/2022;646918618;19/07/2022;6450;109.28 ;35.84 ;704856.00 ;231168.00 
C0492;África;Namibia;Verduras;P0010;Baja;23/01/2022;349251353;3/02/2022;91;154.06 ;90.93 ;14019.46 ;8274.63 
C0031;Europa;San Marino;Bebida;P0009;Media;31/03/2021;203154218;13/04/2021;6702;47.45 ;31.79 ;318009.90 ;213056.58 
C0211;Centroamérica y Caribe;The Bahamas;Bebida;P0009;Baja;8/07/2022;121176040;23/07/2022;7538;47.45 ;31.79 ;357678.10 ;239633.02 
C0361;África;Lebanon;Alimento infantil;P0005;Baja;7/03/2020;536178147;27/03/2020;5884;255.28 ;159.42 ;1502067.52 ;938027.28 
C0513;Australia y Oceanía;Australia;Verduras;P0010;Alta;21/10/2021;151334369;7/11/2021;2058;154.06 ;90.93 ;317055.48 ;187133.94 
C0901;Asia;Tajikistan;Cuidado personal;P0007;Baja;23/01/2021;890131032;5/02/2021;8408;81.73 ;56.67 ;687185.84 ;476481.36 
C0463;Centroamérica y Caribe;El Salvador;Doméstico;P0012;Alta;14/01/2022;246366965;5/03/2022;4315;668.27 ;502.54 ;2883585.05 ;2168460.10 
C0341;Asia;Indonesia;Cereales;P0003;Baja;21/08/2020;734153497;22/09/2020;1189;205.70 ;117.11 ;244577.30 ;139243.79 
C0379;Europa;Sweden;Cuidado personal;P0007;Media;27/04/2020;437914454;2/05/2020;7473;81.73 ;56.67 ;610768.29 ;423494.91 
C0623;Australia y Oceanía;Tonga;Doméstico;P0012;Alta;1/02/2022;662386167;1/03/2022;3641;668.27 ;502.54 ;2433171.07 ;1829748.14 
C0826;África;Mozambique;Ropa;P0011;Media;12/03/2020;982617461;25/04/2020;7198;109.28 ;35.84 ;786597.44 ;257976.32 
C0939;Europa;Andorra;Cosméticos;P0006;Crítica;25/09/2020;593969666;8/10/2020;7678;437.20 ;263.33 ;3356821.60 ;2021847.74 
C0621;Australia y Oceanía;Solomon Islands;Verduras;P0010;Alta;13/03/2020;562116611;16/04/2020;1651;154.06 ;90.93 ;254353.06 ;150125.43 
C0730;Europa;Romania;Verduras;P0010;Media;11/03/2021;673044621;26/03/2021;7715;154.06 ;90.93 ;1188572.90 ;701524.95 
C0830;Centroamérica y Caribe;Saint Vincent and the Grenadines;Material de oficina;P0008;Alta;10/06/2022;783052527;17/06/2022;1499;651.21 ;524.96 ;976163.79 ;786915.04 
C0687;Europa;France;Cárnicos;P0002;Baja;17/03/2020;368751657;7/04/2020;664;421.89 ;364.69 ;280134.96 ;242154.16 
C0770;África;The Gambia;Doméstico;P0012;Baja;4/03/2021;777065837;12/03/2021;9904;668.27 ;502.54 ;6618546.08 ;4977156.16 
C0752;Australia y Oceanía;Samoa ;Snacks;P0001;Baja;19/12/2020;275231397;21/01/2021;5941;152.58 ;97.44 ;906477.78 ;578891.04 
C0007;Europa;Serbia;Ropa;P0011;Media;15/10/2022;800797164;1/12/2022;2531;109.28 ;35.84 ;276587.68 ;90711.04 
C0116;Centroamérica y Caribe;Saint Vincent and the Grenadines;Cosméticos;P0006;Alta;25/08/2021;311624467;8/09/2021;5460;437.20 ;263.33 ;2387112.00 ;1437781.80 
C0358;África;Syria;Bebida;P0009;Baja;11/02/2020;435887134;21/03/2020;7544;47.45 ;31.79 ;357962.80 ;239823.76 
C0220;Australia y Oceanía;Australia;Verduras;P0010;Alta;22/02/2021;622071492;3/04/2021;3633;154.06 ;90.93 ;559699.98 ;330348.69 
C0889;África;Cote d'Ivoire;Cosméticos;P0006;Media;20/12/2020;388976371;9/01/2021;5607;437.20 ;263.33 ;2451380.40 ;1476491.31 
C0757;Centroamérica y Caribe;Dominican Republic;Cuidado personal;P0007;Crítica;5/12/2021;675713098;23/01/2022;7376;81.73 ;56.67 ;602840.48 ;417997.92 
C0917;África;Rwanda;Frutas;P0004;Media;21/06/2022;691705501;24/07/2022;9884;9.33 ;6.92 ;92217.72 ;68397.28 
C0666;África;Chad;Cosméticos;P0006;Media;17/06/2021;166689908;29/07/2021;6103;437.20 ;263.33 ;2668231.60 ;1607102.99 
C0007;África;Kenya;Doméstico;P0012;Alta;9/06/2022;700715148;14/07/2022;6039;668.27 ;502.54 ;4035682.53 ;3034839.06 
C0141;Centroamérica y Caribe;Belize;Bebida;P0009;Media;11/10/2020;814142549;14/11/2020;1727;47.45 ;31.79 ;81946.15 ;54901.33 
C0976;Australia y Oceanía;Palau;Snacks;P0001;Crítica;6/04/2022;897645938;23/05/2022;2236;152.58 ;97.44 ;341168.88 ;217875.84 
C0622;África;Equatorial Guinea;Material de oficina;P0008;Alta;21/08/2021;962211644;9/10/2021;8663;651.21 ;524.96 ;5641432.23 ;4547728.48 
C0891;Asia;Kyrgyzstan;Doméstico;P0012;Baja;14/03/2021;189138495;14/03/2021;9139;668.27 ;502.54 ;6107319.53 ;4592713.06 
C0800;Asia;Bangladesh;Frutas;P0004;Baja;15/10/2020;980037820;10/11/2020;3824;9.33 ;6.92 ;35677.92 ;26462.08 
C0068;Asia;Bhutan;Alimento infantil;P0005;Alta;28/01/2022;406833446;9/03/2022;9912;255.28 ;159.42 ;2530335.36 ;1580171.04 
C0617;Europa;Macedonia;Cárnicos;P0002;Baja;1/06/2021;561761701;18/06/2021;6626;421.89 ;364.69 ;2795443.14 ;2416435.94 
C0073;Australia y Oceanía;Samoa ;Verduras;P0010;Crítica;18/09/2022;907371413;11/10/2022;220;154.06 ;90.93 ;33893.20 ;20004.60 
C0265;Europa;Austria;Bebida;P0009;Media;11/09/2021;526523911;16/10/2021;8981;47.45 ;31.79 ;426148.45 ;285505.99 
C0723;Europa;Italy;Bebida;P0009;Alta;24/08/2021;372393023;12/09/2021;8226;47.45 ;31.79 ;390323.70 ;261504.54 
C0184;África;Bahrain;Material de oficina;P0008;Media;11/07/2020;118465077;16/07/2020;5304;651.21 ;524.96 ;3454017.84 ;2784387.84 
C0085;Australia y Oceanía;Australia;Snacks;P0001;Crítica;26/12/2020;408538901;5/01/2021;4594;152.58 ;97.44 ;700952.52 ;447639.36 
C0067;África;Nigeria;Cosméticos;P0006;Baja;15/05/2020;606725823;31/05/2020;2509;437.20 ;263.33 ;1096934.80 ;660694.97 
C0474;Europa;Spain;Ropa;P0011;Crítica;13/09/2020;147449672;26/10/2020;2489;109.28 ;35.84 ;271997.92 ;89205.76 
C0854;Europa;Hungary;Cárnicos;P0002;Media;22/07/2021;785446774;11/08/2021;10;421.89 ;364.69 ;4218.90 ;3646.90 
C0457;Europa;Bosnia and Herzegovina;Verduras;P0010;Baja;22/06/2021;745765960;14/07/2021;7575;154.06 ;90.93 ;1167004.50 ;688794.75 
C0737;Asia;South Korea;Cosméticos;P0006;Crítica;5/04/2022;573768556;5/05/2022;9721;437.20 ;263.33 ;4250021.20 ;2559830.93 
C0851;África;The Gambia;Snacks;P0001;Baja;2/11/2021;885128390;20/11/2021;8015;152.58 ;97.44 ;1222928.70 ;780981.60 
C0158;Europa;Norway;Bebida;P0009;Baja;19/05/2021;115831792;9/06/2021;6056;47.45 ;31.79 ;287357.20 ;192520.24 
C0721;Norteamérica;Mexico;Frutas;P0004;Media;16/01/2021;372177588;30/01/2021;4474;9.33 ;6.92 ;41742.42 ;30960.08 
C0807;Europa;France;Cosméticos;P0006;Baja;20/05/2021;680777108;22/06/2021;5930;437.20 ;263.33 ;2592596.00 ;1561546.90 
C0385;Centroamérica y Caribe;Belize;Frutas;P0004;Alta;3/12/2021;138554179;6/12/2021;115;9.33 ;6.92 ;1072.95 ;795.80 
C0627;África;Malawi;Bebida;P0009;Alta;4/08/2022;162745130;19/08/2022;8755;47.45 ;31.79 ;415424.75 ;278321.45 
C0408;Asia;India;Cuidado personal;P0007;Crítica;17/04/2022;440898787;1/06/2022;604;81.73 ;56.67 ;49364.92 ;34228.68 
C0808;Asia;Tajikistan;Frutas;P0004;Media;29/04/2020;280876481;31/05/2020;6447;9.33 ;6.92 ;60150.51 ;44613.24 
C0608;Europa;Finland;Verduras;P0010;Baja;9/09/2020;860852038;15/09/2020;4103;154.06 ;90.93 ;632108.18 ;373085.79 
C0793;África;Rwanda;Ropa;P0011;Crítica;22/01/2022;279311788;1/02/2022;3420;109.28 ;35.84 ;373737.60 ;122572.80 